0 ,1,0,1
3 ,1,1,1
7 ,0,1,1
10 ,0,0,1
14 ,1,0,1
17 ,1,1,1
21 ,0,1,1
24 ,0,0,1
28 ,1,0,1
31 ,1,1,1
35 ,0,1,1
38 ,0,0,1
42 ,1,0,1
45 ,1,1,1
49 ,0,1,1
52 ,0,0,1
56 ,1,0,1
59 ,1,1,1
63 ,0,1,1
66 ,0,0,1
70 ,1,0,1
73 ,1,1,1
77 ,0,1,1
80 ,0,0,1
84 ,1,0,1
87 ,1,1,1
91 ,0,1,1
94 ,0,0,1
98 ,1,0,1
101 ,1,1,1
105 ,0,1,1
108 ,0,0,1
112 ,1,0,1
115 ,1,1,1
119 ,0,1,1
122 ,0,0,1
126 ,1,0,1
129 ,1,1,1
133 ,0,1,1
136 ,0,0,1
140 ,1,0,1
143 ,1,1,1
147 ,0,1,1
150 ,0,0,1
154 ,1,0,1
157 ,1,1,1
161 ,0,1,1
164 ,0,0,1
168 ,1,0,1
171 ,1,1,1
175 ,0,1,1
178 ,0,0,1
182 ,1,0,1
185 ,1,1,1
189 ,0,1,1
192 ,0,0,1
196 ,1,0,1
199 ,1,1,1
203 ,0,1,1
206 ,0,0,1
210 ,1,0,1
213 ,1,1,1
217 ,0,1,1
220 ,0,0,1
224 ,1,0,1
227 ,1,1,1
231 ,0,1,1
234 ,0,0,1
238 ,1,0,1
241 ,1,1,1
245 ,0,1,1
248 ,0,0,1
252 ,1,0,1
255 ,1,1,1
259 ,0,1,1
262 ,0,0,1
266 ,1,0,1
269 ,1,1,1
273 ,0,1,1
276 ,0,0,1
280 ,1,0,1
283 ,1,1,1
287 ,0,1,1
290 ,0,0,1
294 ,1,0,1
297 ,1,1,1
301 ,0,1,1
304 ,0,0,1
308 ,1,0,1
311 ,1,1,1
315 ,0,1,1
318 ,0,0,1
322 ,1,0,1
325 ,1,1,1
329 ,0,1,1
332 ,0,0,1
336 ,1,0,1
339 ,1,1,1
343 ,0,1,1
346 ,0,0,1
350 ,1,0,1
353 ,1,1,1
357 ,0,1,1
360 ,0,0,1
364 ,1,0,1
367 ,1,1,1
371 ,0,1,1
374 ,0,0,1
378 ,1,0,1
381 ,1,1,1
385 ,0,1,1
388 ,0,0,1
392 ,1,0,1
395 ,1,1,1
399 ,0,1,1
402 ,0,0,1
406 ,1,0,1
409 ,1,1,1
413 ,0,1,1
416 ,0,0,1
420 ,1,0,1
423 ,1,1,1
427 ,0,1,1
430 ,0,0,1
434 ,1,0,1
437 ,1,1,1
441 ,0,1,1
444 ,0,0,1
448 ,1,0,1
451 ,1,1,1
455 ,0,1,1
458 ,0,0,1
462 ,1,0,1
465 ,1,1,1
469 ,0,1,1
472 ,0,0,1
476 ,1,0,1
479 ,1,1,1
483 ,0,1,1
486 ,0,0,1
490 ,1,0,1
493 ,1,1,1
497 ,0,1,1
500 ,0,0,1
504 ,1,0,1
507 ,1,1,1
511 ,0,1,1
514 ,0,0,1
518 ,1,0,1
521 ,1,1,1
525 ,0,1,1
528 ,0,0,1
532 ,1,0,1
535 ,1,1,1
539 ,0,1,1
542 ,0,0,1
546 ,1,0,1
549 ,1,1,1
553 ,0,1,1
556 ,0,0,1
560 ,1,0,1
563 ,1,1,1
567 ,0,1,1
570 ,0,0,1
574 ,1,0,1
577 ,1,1,1
581 ,0,1,1
584 ,0,0,1
588 ,1,0,1
591 ,1,1,1
595 ,0,1,1
598 ,0,0,1
602 ,1,0,1
605 ,1,1,1
609 ,0,1,1
612 ,0,0,1
616 ,1,0,1
619 ,1,1,1
623 ,0,1,1
626 ,0,0,1
630 ,1,0,1
633 ,1,1,1
637 ,0,1,1
640 ,0,0,1
644 ,1,0,1
647 ,1,1,1
651 ,0,1,1
654 ,0,0,1
658 ,1,0,1
661 ,1,1,1
665 ,0,1,1
668 ,0,0,1
672 ,1,0,1
675 ,1,1,1
679 ,0,1,1
682 ,0,0,1
686 ,1,0,1
689 ,1,1,1
693 ,0,1,1
696 ,0,0,1
700 ,1,0,1
703 ,1,1,1
707 ,0,1,1
710 ,0,0,1
714 ,1,0,1
717 ,1,1,1
721 ,0,1,1
724 ,0,0,1
728 ,1,0,1
731 ,1,1,1
735 ,0,1,1
738 ,0,0,1
742 ,1,0,1
745 ,1,1,1
749 ,0,1,1
752 ,0,0,1
756 ,1,0,1
759 ,1,1,1
763 ,0,1,1
766 ,0,0,1
770 ,1,0,1
773 ,1,1,1
777 ,0,1,1
780 ,0,0,1
784 ,1,0,1
787 ,1,1,1
791 ,0,1,1
794 ,0,0,1
798 ,1,0,1
801 ,1,1,1
805 ,0,1,1
808 ,0,0,1
812 ,1,0,1
815 ,1,1,1
819 ,0,1,1
822 ,0,0,1
826 ,1,0,1
829 ,1,1,1
833 ,0,1,1
836 ,0,0,1
840 ,1,0,1
843 ,1,1,1
847 ,0,1,1
850 ,0,0,1
854 ,1,0,1
857 ,1,1,1
861 ,0,1,1
864 ,0,0,1
868 ,1,0,1
871 ,1,1,1
875 ,0,1,1
878 ,0,0,1
882 ,1,0,1
885 ,1,1,1
889 ,0,1,1
892 ,0,0,1
896 ,1,0,1
899 ,1,1,1
903 ,0,1,1
906 ,0,0,1
910 ,1,0,1
913 ,1,1,1
917 ,0,1,1
920 ,0,0,1
924 ,1,0,1
927 ,1,1,1
931 ,0,1,1
934 ,0,0,1
938 ,1,0,1
941 ,1,1,1
945 ,0,1,1
948 ,0,0,1
952 ,1,0,1
955 ,1,1,1
959 ,0,1,1
962 ,0,0,1
966 ,1,0,1
969 ,1,1,1
973 ,0,1,1
976 ,0,0,1
980 ,1,0,1
983 ,1,1,1
987 ,0,1,1
990 ,0,0,1
994 ,1,0,1
997 ,1,1,1
1001 ,0,1,1
1004 ,0,0,1
1008 ,1,0,1
1011 ,1,1,1
1015 ,0,1,1
1018 ,0,0,1
1022 ,1,0,1
1025 ,1,1,1
1029 ,0,1,1
1032 ,0,0,1
1036 ,1,0,1
1039 ,1,1,1
1043 ,0,1,1
1046 ,0,0,1
1050 ,1,0,1
1053 ,1,1,1
1057 ,0,1,1
1060 ,0,0,1
1064 ,1,0,1
1067 ,1,1,1
1071 ,0,1,1
1074 ,0,0,1
1078 ,1,0,1
1081 ,1,1,1
1085 ,0,1,1
1088 ,0,0,1
1092 ,1,0,1
1095 ,1,1,1
1099 ,0,1,1
1102 ,0,0,1
1106 ,1,0,1
1109 ,1,1,1
1113 ,0,1,1
1116 ,0,0,1
1120 ,1,0,1
1123 ,1,1,1
1127 ,0,1,1
1130 ,0,0,1
1134 ,1,0,1
1137 ,1,1,1
1141 ,0,1,1
1144 ,0,0,1
1148 ,1,0,1
1151 ,1,1,1
1155 ,0,1,1
1158 ,0,0,1
1162 ,1,0,1
1165 ,1,1,1
1169 ,0,1,1
1172 ,0,0,1
1176 ,1,0,1
1179 ,1,1,1
1183 ,0,1,1
1186 ,0,0,1
1190 ,1,0,1
1193 ,1,1,1
1197 ,0,1,1
1200 ,0,0,1
1204 ,1,0,1
1207 ,1,1,1
1211 ,0,1,1
1214 ,0,0,1
1218 ,1,0,1
1221 ,1,1,1
1225 ,0,1,1
1228 ,0,0,1
1232 ,1,0,1
1235 ,1,1,1
1239 ,0,1,1
1242 ,0,0,1
1246 ,1,0,1
1249 ,1,1,1
1253 ,0,1,1
1256 ,0,0,1
1260 ,1,0,1
1263 ,1,1,1
1267 ,0,1,1
1270 ,0,0,1
1274 ,1,0,1
1277 ,1,1,1
1281 ,0,1,1
1284 ,0,0,1
1288 ,1,0,1
1291 ,1,1,1
1295 ,0,1,1
1298 ,0,0,1
1302 ,1,0,1
1305 ,1,1,1
1309 ,0,1,1
1312 ,0,0,1
1316 ,1,0,1
1319 ,1,1,1
1323 ,0,1,1
1326 ,0,0,1
1330 ,1,0,1
1333 ,1,1,1
1337 ,0,1,1
1340 ,0,0,1
1344 ,1,0,1
1347 ,1,1,1
1351 ,0,1,1
1354 ,0,0,1
1358 ,1,0,1
1361 ,1,1,1
1365 ,0,1,1
1368 ,0,0,1
1372 ,1,0,1
1375 ,1,1,1
1379 ,0,1,1
1382 ,0,0,1
1386 ,1,0,1
1389 ,1,1,1
1393 ,0,1,1
1396 ,0,0,1
1400 ,1,0,1
1403 ,1,1,1
1407 ,0,1,1
1410 ,0,0,1
1414 ,1,0,1
1417 ,1,1,1
1421 ,0,1,1
1424 ,0,0,1
1428 ,1,0,1
1431 ,1,1,1
1435 ,0,1,1
1438 ,0,0,1
1442 ,1,0,1
1445 ,1,1,1
1449 ,0,1,1
1452 ,0,0,1
1456 ,1,0,1
1459 ,1,1,1
1463 ,0,1,1
1466 ,0,0,1
1470 ,1,0,1
1473 ,1,1,1
1477 ,0,1,1
1480 ,0,0,1
1484 ,1,0,1
1487 ,1,1,1
1491 ,0,1,1
1494 ,0,0,1
1498 ,1,0,1
1501 ,1,1,1
1505 ,0,1,1
1508 ,0,0,1
1512 ,1,0,1
1515 ,1,1,1
1519 ,0,1,1
1522 ,0,0,1
1526 ,1,0,1
1529 ,1,1,1
1533 ,0,1,1
1536 ,0,0,1
1540 ,1,0,1
1543 ,1,1,1
1547 ,0,1,1
1550 ,0,0,1
1554 ,1,0,1
1557 ,1,1,1
1561 ,0,1,1
1564 ,0,0,1
1568 ,1,0,1
1571 ,1,1,1
1575 ,0,1,1
1578 ,0,0,1
1582 ,1,0,1
1585 ,1,1,1
1589 ,0,1,1
1592 ,0,0,1
1596 ,1,0,1
1599 ,1,1,1
1603 ,0,1,1
1606 ,0,0,1
1610 ,1,0,1
1613 ,1,1,1
1617 ,0,1,1
1620 ,0,0,1
1624 ,1,0,1
1627 ,1,1,1
1631 ,0,1,1
1634 ,0,0,1
1638 ,1,0,1
1641 ,1,1,1
1645 ,0,1,1
1648 ,0,0,1
1652 ,1,0,1
1655 ,1,1,1
1659 ,0,1,1
1662 ,0,0,1
1666 ,1,0,1
1669 ,1,1,1
1673 ,0,1,1
1676 ,0,0,1
1680 ,1,0,1
1683 ,1,1,1
1687 ,0,1,1
1690 ,0,0,1
1694 ,1,0,1
1697 ,1,1,1
1701 ,0,1,1
1704 ,0,0,1
1708 ,1,0,1
1711 ,1,1,1
1715 ,0,1,1
1718 ,0,0,1
1722 ,1,0,1
1725 ,1,1,1
1729 ,0,1,1
1732 ,0,0,1
1736 ,1,0,1
1739 ,1,1,1
1743 ,0,1,1
1746 ,0,0,1
1750 ,1,0,1
1753 ,1,1,1
1757 ,0,1,1
1760 ,0,0,1
1764 ,1,0,1
1767 ,1,1,1
1771 ,0,1,1
1774 ,0,0,1
1778 ,1,0,1
1781 ,1,1,1
1785 ,0,1,1
1788 ,0,0,1
1792 ,1,0,1
1795 ,1,1,1
1799 ,0,1,1
1802 ,0,0,1
1806 ,1,0,1
1809 ,1,1,1
1813 ,0,1,1
1816 ,0,0,1
1820 ,1,0,1
1823 ,1,1,1
1827 ,0,1,1
1830 ,0,0,1
1834 ,1,0,1
1837 ,1,1,1
1841 ,0,1,1
1844 ,0,0,1
1848 ,1,0,1
1851 ,1,1,1
1855 ,0,1,1
1858 ,0,0,1
1862 ,1,0,1
1865 ,1,1,1
1869 ,0,1,1
1872 ,0,0,1
1876 ,1,0,1
1879 ,1,1,1
1883 ,0,1,1
1886 ,0,0,1
1890 ,1,0,1
1893 ,1,1,1
1897 ,0,1,1
1900 ,0,0,1
1904 ,1,0,1
1907 ,1,1,1
1911 ,0,1,1
1914 ,0,0,1
1918 ,1,0,1
1921 ,1,1,1
1925 ,0,1,1
1928 ,0,0,1
1932 ,1,0,1
1935 ,1,1,1
1939 ,0,1,1
1942 ,0,0,1
1946 ,1,0,1
1949 ,1,1,1
1953 ,0,1,1
1956 ,0,0,1
1960 ,1,0,1
1963 ,1,1,1
1967 ,0,1,1
1970 ,0,0,1
1974 ,1,0,1
1977 ,1,1,1
1981 ,0,1,1
1984 ,0,0,1
1988 ,1,0,1
1991 ,1,1,1
1995 ,0,1,1
1998 ,0,0,1
2002 ,1,0,1
2005 ,1,1,1
2009 ,0,1,1
2012 ,0,0,1
2016 ,1,0,1
2019 ,1,1,1
2023 ,0,1,1
2026 ,0,0,1
2030 ,1,0,1
2033 ,1,1,1
2037 ,0,1,1
2040 ,0,0,1
2044 ,1,0,1
2047 ,1,1,1
2051 ,0,1,1
2054 ,0,0,1
2058 ,1,0,1
2061 ,1,1,1
2065 ,0,1,1
2068 ,0,0,1
2072 ,1,0,1
2075 ,1,1,1
2079 ,0,1,1
2082 ,0,0,1
2086 ,1,0,1
2089 ,1,1,1
2093 ,0,1,1
2096 ,0,0,1
2100 ,1,0,1
2103 ,1,1,1
2107 ,0,1,1
2110 ,0,0,1
2114 ,1,0,1
2117 ,1,1,1
2121 ,0,1,1
2124 ,0,0,1
2128 ,1,0,1
2131 ,1,1,1
2135 ,0,1,1
2138 ,0,0,1
2142 ,1,0,1
2145 ,1,1,1
2149 ,0,1,1
2152 ,0,0,1
2156 ,1,0,1
2159 ,1,1,1
2163 ,0,1,1
2166 ,0,0,1
2170 ,1,0,1
2173 ,1,1,1
2177 ,0,1,1
2180 ,0,0,1
2184 ,1,0,1
2187 ,1,1,1
2191 ,0,1,1
2194 ,0,0,1
2198 ,1,0,1
2201 ,1,1,1
2205 ,0,1,1
2208 ,0,0,1
2212 ,1,0,1
2215 ,1,1,1
2219 ,0,1,1
2222 ,0,0,1
2226 ,1,0,1
2229 ,1,1,1
2233 ,0,1,1
2236 ,0,0,1
2240 ,1,0,1
2243 ,1,1,1
2247 ,0,1,1
2250 ,0,0,1
2254 ,1,0,1
2257 ,1,1,1
2261 ,0,1,1
2264 ,0,0,1
2268 ,1,0,1
2271 ,1,1,1
2275 ,0,1,1
2278 ,0,0,1
2282 ,1,0,1
2285 ,1,1,1
2289 ,0,1,1
2292 ,0,0,1
2296 ,1,0,1
2299 ,1,1,1
2303 ,0,1,1
2306 ,0,0,1
2310 ,1,0,1
2313 ,1,1,1
2317 ,0,1,1
2320 ,0,0,1
2324 ,1,0,1
2327 ,1,1,1
2331 ,0,1,1
2334 ,0,0,1
2338 ,1,0,1
2341 ,1,1,1
2345 ,0,1,1
2348 ,0,0,1
2352 ,1,0,1
2355 ,1,1,1
2359 ,0,1,1
2362 ,0,0,1
2366 ,1,0,1
2369 ,1,1,1
2373 ,0,1,1
2376 ,0,0,1
2380 ,1,0,1
2383 ,1,1,1
2387 ,0,1,1
2390 ,0,0,1
2394 ,1,0,1
2397 ,1,1,1
2401 ,0,1,1
2404 ,0,0,1
2408 ,1,0,1
2411 ,1,1,1
2415 ,0,1,1
2418 ,0,0,1
2422 ,1,0,1
2425 ,1,1,1
2429 ,0,1,1
2432 ,0,0,1
2436 ,1,0,1
2439 ,1,1,1
2443 ,0,1,1
2446 ,0,0,1
2450 ,1,0,1
2453 ,1,1,1
2457 ,0,1,1
2460 ,0,0,1
2464 ,1,0,1
2467 ,1,1,1
2471 ,0,1,1
2474 ,0,0,1
2478 ,1,0,1
2481 ,1,1,1
2485 ,0,1,1
2488 ,0,0,1
2492 ,1,0,1
2495 ,1,1,1
2499 ,0,1,1
2502 ,0,0,1
2506 ,1,0,1
2509 ,1,1,1
2513 ,0,1,1
2516 ,0,0,1
2520 ,1,0,1
2523 ,1,1,1
2527 ,0,1,1
2530 ,0,0,1
2534 ,1,0,1
2537 ,1,1,1
2541 ,0,1,1
2544 ,0,0,1
2548 ,1,0,1
2551 ,1,1,1
2555 ,0,1,1
2558 ,0,0,1
2562 ,1,0,1
2565 ,1,1,1
2569 ,0,1,1
2572 ,0,0,1
2576 ,1,0,1
2579 ,1,1,1
2583 ,0,1,1
2586 ,0,0,1
2590 ,1,0,1
2593 ,1,1,1
2597 ,0,1,1
2600 ,0,0,1
2604 ,1,0,1
2607 ,1,1,1
2611 ,0,1,1
2614 ,0,0,1
2618 ,1,0,1
2621 ,1,1,1
2625 ,0,1,1
2628 ,0,0,1
2632 ,1,0,1
2635 ,1,1,1
2639 ,0,1,1
2642 ,0,0,1
2646 ,1,0,1
2649 ,1,1,1
2653 ,0,1,1
2656 ,0,0,1
2660 ,1,0,1
2663 ,1,1,1
2667 ,0,1,1
2670 ,0,0,1
2674 ,1,0,1
2677 ,1,1,1
2681 ,0,1,1
2684 ,0,0,1
2688 ,1,0,1
2691 ,1,1,1
2695 ,0,1,1
2698 ,0,0,1
2702 ,1,0,1
2705 ,1,1,1
2709 ,0,1,1
2712 ,0,0,1
2716 ,1,0,1
2719 ,1,1,1
2723 ,0,1,1
2726 ,0,0,1
2730 ,1,0,1
2733 ,1,1,1
2737 ,0,1,1
2740 ,0,0,1
2744 ,1,0,1
2747 ,1,1,1
2751 ,0,1,1
2754 ,0,0,1
2758 ,1,0,1
2761 ,1,1,1
2765 ,0,1,1
2768 ,0,0,1
2772 ,1,0,1
2775 ,1,1,1
2779 ,0,1,1
2782 ,0,0,1
2786 ,1,0,1
2789 ,1,1,1
2793 ,0,1,1
2796 ,0,0,1
2800 ,1,0,1
2803 ,1,1,1
2807 ,0,1,1
2810 ,0,0,1
2814 ,1,0,1
2817 ,1,1,1
2821 ,0,1,1
2824 ,0,0,1
2828 ,1,0,1
2831 ,1,1,1
2835 ,0,1,1
2838 ,0,0,1
2842 ,1,0,1
2845 ,1,1,1
2849 ,0,1,1
2852 ,0,0,1
2856 ,1,0,1
2859 ,1,1,1
2863 ,0,1,1
2866 ,0,0,1
2870 ,1,0,1
2873 ,1,1,1
2877 ,0,1,1
2880 ,0,0,1
2884 ,1,0,1
2887 ,1,1,1
2891 ,0,1,1
2894 ,0,0,1
2898 ,1,0,1
2901 ,1,1,1
2905 ,0,1,1
2908 ,0,0,1
2912 ,1,0,1
2915 ,1,1,1
2919 ,0,1,1
2922 ,0,0,1
2926 ,1,0,1
2929 ,1,1,1
2933 ,0,1,1
2936 ,0,0,1
2940 ,1,0,1
2943 ,1,1,1
2947 ,0,1,1
2950 ,0,0,1
2954 ,1,0,1
2957 ,1,1,1
2961 ,0,1,1
2964 ,0,0,1
2968 ,1,0,1
2971 ,1,1,1
2975 ,0,1,1
2978 ,0,0,1
2982 ,1,0,1
2985 ,1,1,1
2989 ,0,1,1
2992 ,0,0,1
2996 ,1,0,1
2999 ,1,1,1
3003 ,0,1,1
3006 ,0,0,1
3010 ,1,0,1
3013 ,1,1,1
3017 ,0,1,1
3020 ,0,0,1
3024 ,1,0,1
3027 ,1,1,1
3031 ,0,1,1
3034 ,0,0,1
3038 ,1,0,1
3041 ,1,1,1
3045 ,0,1,1
3048 ,0,0,1
3052 ,1,0,1
3055 ,1,1,1
3059 ,0,1,1
3062 ,0,0,1
3066 ,1,0,1
3069 ,1,1,1
3073 ,0,1,1
3076 ,0,0,1
3080 ,1,0,1
3083 ,1,1,1
3087 ,0,1,1
3090 ,0,0,1
3094 ,1,0,1
3097 ,1,1,1
3101 ,0,1,1
3104 ,0,0,1
3108 ,1,0,1
3111 ,1,1,1
3115 ,0,1,1
3118 ,0,0,1
3122 ,1,0,1
3125 ,1,1,1
3129 ,0,1,1
3132 ,0,0,1
3136 ,1,0,1
3139 ,1,1,1
3143 ,0,1,1
3146 ,0,0,1
3150 ,1,0,1
3153 ,1,1,1
3157 ,0,1,1
3160 ,0,0,1
3164 ,1,0,1
3167 ,1,1,1
3171 ,0,1,1
3174 ,0,0,1
3178 ,1,0,1
3181 ,1,1,1
3185 ,0,1,1
3188 ,0,0,1
3192 ,1,0,1
3195 ,1,1,1
3199 ,0,1,1
3202 ,0,0,1
3206 ,1,0,1
3209 ,1,1,1
3213 ,0,1,1
3216 ,0,0,1
3220 ,1,0,1
3223 ,1,1,1
3227 ,0,1,1
3230 ,0,0,1
3234 ,1,0,1
3237 ,1,1,1
3241 ,0,1,1
3244 ,0,0,1
3248 ,1,0,1
3251 ,1,1,1
3255 ,0,1,1
3258 ,0,0,1
3262 ,1,0,1
3265 ,1,1,1
3269 ,0,1,1
3272 ,0,0,1
3276 ,1,0,1
3279 ,1,1,1
3283 ,0,1,1
3286 ,0,0,1
3290 ,1,0,1
3293 ,1,1,1
3297 ,0,1,1
3300 ,0,0,1
3304 ,1,0,1
3307 ,1,1,1
3311 ,0,1,1
3314 ,0,0,1
3318 ,1,0,1
3321 ,1,1,1
3325 ,0,1,1
3328 ,0,0,1
3332 ,1,0,1
3335 ,1,1,1
3339 ,0,1,1
3342 ,0,0,1
3346 ,1,0,1
3349 ,1,1,1
3353 ,0,1,1
3356 ,0,0,1
3360 ,1,0,1
3363 ,1,1,1
3367 ,0,1,1
3370 ,0,0,1
3374 ,1,0,1
3377 ,1,1,1
3381 ,0,1,1
3384 ,0,0,1
3388 ,1,0,1
3391 ,1,1,1
3395 ,0,1,1
3398 ,0,0,1
3402 ,1,0,1
3405 ,1,1,1
3409 ,0,1,1
3412 ,0,0,1
3416 ,1,0,1
3419 ,1,1,1
3423 ,0,1,1
3426 ,0,0,1
3430 ,1,0,1
3433 ,1,1,1
3437 ,0,1,1
3440 ,0,0,1
3444 ,1,0,1
3447 ,1,1,1
3451 ,0,1,1
3454 ,0,0,1
3458 ,1,0,1
3461 ,1,1,1
3465 ,0,1,1
3468 ,0,0,1
3472 ,1,0,1
3475 ,1,1,1
3479 ,0,1,1
3482 ,0,0,1
3486 ,1,0,1
3489 ,1,1,1
3493 ,0,1,1
3496 ,0,0,1
3500 ,1,0,1
3503 ,1,1,1
3507 ,0,1,1
3510 ,0,0,1
3514 ,1,0,1
3517 ,1,1,1
3521 ,0,1,1
3524 ,0,0,1
3528 ,1,0,1
3531 ,1,1,1
3535 ,0,1,1
3538 ,0,0,1
3542 ,1,0,1
3545 ,1,1,1
3549 ,0,1,1
3552 ,0,0,1
3556 ,1,0,1
3559 ,1,1,1
3563 ,0,1,1
3566 ,0,0,1
3570 ,1,0,1
3573 ,1,1,1
3577 ,0,1,1
3580 ,0,0,1
3584 ,1,0,1
3587 ,1,1,1
3591 ,0,1,1
3594 ,0,0,1
3598 ,1,0,1
3601 ,1,1,1
3605 ,0,1,1
3608 ,0,0,1
3612 ,1,0,1
3615 ,1,1,1
3619 ,0,1,1
3622 ,0,0,1
3626 ,1,0,1
3629 ,1,1,1
3633 ,0,1,1
3636 ,0,0,1
3640 ,1,0,1
3643 ,1,1,1
3647 ,0,1,1
3650 ,0,0,1
3654 ,1,0,1
3657 ,1,1,1
3661 ,0,1,1
3664 ,0,0,1
3668 ,1,0,1
3671 ,1,1,1
3675 ,0,1,1
3678 ,0,0,1
3682 ,1,0,1
3685 ,1,1,1
3689 ,0,1,1
3692 ,0,0,1
3696 ,1,0,1
3699 ,1,1,1
3703 ,0,1,1
3706 ,0,0,1
3710 ,1,0,1
3713 ,1,1,1
3717 ,0,1,1
3720 ,0,0,1
3724 ,1,0,1
3727 ,1,1,1
3731 ,0,1,1
3734 ,0,0,1
3738 ,1,0,1
3741 ,1,1,1
3745 ,0,1,1
3748 ,0,0,1
3752 ,1,0,1
3755 ,1,1,1
3759 ,0,1,1
3762 ,0,0,1
3766 ,1,0,1
3769 ,1,1,1
3773 ,0,1,1
3776 ,0,0,1
3780 ,1,0,1
3783 ,1,1,1
3787 ,0,1,1
3790 ,0,0,1
3794 ,1,0,1
3797 ,1,1,1
3801 ,0,1,1
3804 ,0,0,1
3808 ,1,0,1
3811 ,1,1,1
3815 ,0,1,1
3818 ,0,0,1
3822 ,1,0,1
3825 ,1,1,1
3829 ,0,1,1
3832 ,0,0,1
3836 ,1,0,1
3839 ,1,1,1
3843 ,0,1,1
3846 ,0,0,1
3850 ,1,0,1
3853 ,1,1,1
3857 ,0,1,1
3860 ,0,0,1
3864 ,1,0,1
3867 ,1,1,1
3871 ,0,1,1
3874 ,0,0,1
3878 ,1,0,1
3881 ,1,1,1
3885 ,0,1,1
3888 ,0,0,1
3892 ,1,0,1
3895 ,1,1,1
3899 ,0,1,1
3902 ,0,0,1
3906 ,1,0,1
3909 ,1,1,1
3913 ,0,1,1
3916 ,0,0,1
3920 ,1,0,1
3923 ,1,1,1
3927 ,0,1,1
3930 ,0,0,1
3934 ,1,0,1
3937 ,1,1,1
3941 ,0,1,1
3944 ,0,0,1
3948 ,1,0,1
3951 ,1,1,1
3955 ,0,1,1
3958 ,0,0,1
3962 ,1,0,1
3965 ,1,1,1
3969 ,0,1,1
3972 ,0,0,1
3976 ,1,0,1
3979 ,1,1,1
3983 ,0,1,1
3986 ,0,0,1
3990 ,1,0,1
3993 ,1,1,1
3997 ,0,1,1
4000 ,0,0,1
4004 ,1,0,1
4007 ,1,1,1
4011 ,0,1,1
4014 ,0,0,1
4018 ,1,0,1
4021 ,1,1,1
4025 ,0,1,1
4028 ,0,0,1
4032 ,1,0,1
4035 ,1,1,1
4039 ,0,1,1
4042 ,0,0,1
4046 ,1,0,1
4049 ,1,1,1
4053 ,0,1,1
4056 ,0,0,1
4060 ,1,0,1
4063 ,1,1,1
4067 ,0,1,1
4070 ,0,0,1
4074 ,1,0,1
4077 ,1,1,1
4081 ,0,1,1
4084 ,0,0,1
4088 ,1,0,1
4091 ,1,1,1
4095 ,0,1,1
4098 ,0,0,1
4102 ,1,0,1
4105 ,1,1,1
4109 ,0,1,1
4112 ,0,0,1
4116 ,1,0,1
4119 ,1,1,1
4123 ,0,1,1
4126 ,0,0,1
4130 ,1,0,1
4133 ,1,1,1
4137 ,0,1,1
4140 ,0,0,1
4144 ,1,0,1
4147 ,1,1,1
4151 ,0,1,1
4154 ,0,0,1
4158 ,1,0,1
4161 ,1,1,1
4165 ,0,1,1
4168 ,0,0,1
4172 ,1,0,1
4175 ,1,1,1
4179 ,0,1,1
4182 ,0,0,1
4186 ,1,0,1
4189 ,1,1,1
4193 ,0,1,1
4196 ,0,0,1
4200 ,1,0,1
4203 ,1,1,1
4207 ,0,1,1
4210 ,0,0,1
4214 ,1,0,1
4217 ,1,1,1
4221 ,0,1,1
4224 ,0,0,1
4228 ,1,0,1
4231 ,1,1,1
4235 ,0,1,1
4238 ,0,0,1
4242 ,1,0,1
4245 ,1,1,1
4249 ,0,1,1
4252 ,0,0,1
4256 ,1,0,1
4259 ,1,1,1
4263 ,0,1,1
4266 ,0,0,1
4270 ,1,0,1
4273 ,1,1,1
4277 ,0,1,1
4280 ,0,0,1
4284 ,1,0,1
4287 ,1,1,1
4291 ,0,1,1
4294 ,0,0,1
4298 ,1,0,1
4301 ,1,1,1
4305 ,0,1,1
4308 ,0,0,1
4312 ,1,0,1
4315 ,1,1,1
4319 ,0,1,1
4322 ,0,0,1
4326 ,1,0,1
4329 ,1,1,1
4333 ,0,1,1
4336 ,0,0,1
4340 ,1,0,1
4343 ,1,1,1
4347 ,0,1,1
4350 ,0,0,1
4354 ,1,0,1
4357 ,1,1,1
4361 ,0,1,1
4364 ,0,0,1
4368 ,1,0,1
4371 ,1,1,1
4375 ,0,1,1
4378 ,0,0,1
4382 ,1,0,1
4385 ,1,1,1
4389 ,0,1,1
4392 ,0,0,1
4396 ,1,0,1
4399 ,1,1,1
4403 ,0,1,1
4406 ,0,0,1
4410 ,1,0,1
4413 ,1,1,1
4417 ,0,1,1
4420 ,0,0,1
4424 ,1,0,1
4427 ,1,1,1
4431 ,0,1,1
4434 ,0,0,1
4438 ,1,0,1
4441 ,1,1,1
4445 ,0,1,1
4448 ,0,0,1
4452 ,1,0,1
4455 ,1,1,1
4459 ,0,1,1
4462 ,0,0,1
4466 ,1,0,1
4469 ,1,1,1
4473 ,0,1,1
4476 ,0,0,1
4480 ,1,0,1
4483 ,1,1,1
4487 ,0,1,1
4490 ,0,0,1
4494 ,1,0,1
4497 ,1,1,1
4501 ,0,1,1
4504 ,0,0,1
4508 ,1,0,1
4511 ,1,1,1
4515 ,0,1,1
4518 ,0,0,1
4522 ,1,0,1
4525 ,1,1,1
4529 ,0,1,1
4532 ,0,0,1
4536 ,1,0,1
4539 ,1,1,1
4543 ,0,1,1
4546 ,0,0,1
4550 ,1,0,1
4553 ,1,1,1
4557 ,0,1,1
4560 ,0,0,1
4564 ,1,0,1
4567 ,1,1,1
4571 ,0,1,1
4574 ,0,0,1
4578 ,1,0,1
4581 ,1,1,1
4585 ,0,1,1
4588 ,0,0,1
4592 ,1,0,1
4595 ,1,1,1
4599 ,0,1,1
4602 ,0,0,1
4606 ,1,0,1
4609 ,1,1,1
4613 ,0,1,1
4616 ,0,0,1
4620 ,1,0,1
4623 ,1,1,1
4627 ,0,1,1
4630 ,0,0,1
4634 ,1,0,1
4637 ,1,1,1
4641 ,0,1,1
4644 ,0,0,1
4648 ,1,0,1
4651 ,1,1,1
4655 ,0,1,1
4658 ,0,0,1
4662 ,1,0,1
4665 ,1,1,1
4669 ,0,1,1
4672 ,0,0,1
4676 ,1,0,1
4679 ,1,1,1
4683 ,0,1,1
4686 ,0,0,1
4690 ,1,0,1
4693 ,1,1,1
4697 ,0,1,1
4700 ,0,0,1
4704 ,1,0,1
4707 ,1,1,1
4711 ,0,1,1
4714 ,0,0,1
4718 ,1,0,1
4721 ,1,1,1
4725 ,0,1,1
4728 ,0,0,1
4732 ,1,0,1
4735 ,1,1,1
4739 ,0,1,1
4742 ,0,0,1
4746 ,1,0,1
4749 ,1,1,1
4753 ,0,1,1
4756 ,0,0,1
4760 ,1,0,1
4763 ,1,1,1
4767 ,0,1,1
4770 ,0,0,1
4774 ,1,0,1
4777 ,1,1,1
4781 ,0,1,1
4784 ,0,0,1
4788 ,1,0,1
4791 ,1,1,1
4795 ,0,1,1
4798 ,0,0,1
4802 ,1,0,1
4805 ,1,1,1
4809 ,0,1,1
4812 ,0,0,1
4816 ,1,0,1
4819 ,1,1,1
4823 ,0,1,1
4826 ,0,0,1
4830 ,1,0,1
4833 ,1,1,1
4837 ,0,1,1
4840 ,0,0,1
4844 ,1,0,1
4847 ,1,1,1
4851 ,0,1,1
4854 ,0,0,1
4858 ,1,0,1
4861 ,1,1,1
4865 ,0,1,1
4868 ,0,0,1
4872 ,1,0,1
4875 ,1,1,1
4879 ,0,1,1
4882 ,0,0,1
4886 ,1,0,1
4889 ,1,1,1
4893 ,0,1,1
4896 ,0,0,1
4900 ,1,0,1
4903 ,1,1,1
4907 ,0,1,1
4910 ,0,0,1
4914 ,1,0,1
4917 ,1,1,1
4921 ,0,1,1
4924 ,0,0,1
4928 ,1,0,1
4931 ,1,1,1
4935 ,0,1,1
4938 ,0,0,1
4942 ,1,0,1
4945 ,1,1,1
4949 ,0,1,1
4952 ,0,0,1
4956 ,1,0,1
4959 ,1,1,1
4963 ,0,1,1
4966 ,0,0,1
4970 ,1,0,1
4973 ,1,1,1
4977 ,0,1,1
4980 ,0,0,1
4984 ,1,0,1
4987 ,1,1,1
4991 ,0,1,1
4994 ,0,0,1
4998 ,1,0,1
5001 ,1,1,1
5005 ,0,1,1
5008 ,0,0,1
5012 ,1,0,1
5015 ,1,1,1
5019 ,0,1,1
5022 ,0,0,1
5026 ,1,0,1
5029 ,1,1,1
5033 ,0,1,1
5036 ,0,0,1
5040 ,1,0,1
5043 ,1,1,1
5047 ,0,1,1
5050 ,0,0,1
5054 ,1,0,1
5057 ,1,1,1
5061 ,0,1,1
5064 ,0,0,1
5068 ,1,0,1
5071 ,1,1,1
5075 ,0,1,1
5078 ,0,0,1
5082 ,1,0,1
5085 ,1,1,1
5089 ,0,1,1
5092 ,0,0,1
5096 ,1,0,1
5099 ,1,1,1
5103 ,0,1,1
5106 ,0,0,1
5110 ,1,0,1
5113 ,1,1,1
5117 ,0,1,1
5120 ,0,0,1
5124 ,1,0,1
5127 ,1,1,1
5131 ,0,1,1
5134 ,0,0,1
5138 ,1,0,1
5141 ,1,1,1
5145 ,0,1,1
5148 ,0,0,1
5152 ,1,0,1
5155 ,1,1,1
5159 ,0,1,1
5162 ,0,0,1
5166 ,1,0,1
5169 ,1,1,1
5173 ,0,1,1
5176 ,0,0,1
5180 ,1,0,1
5183 ,1,1,1
5187 ,0,1,1
5190 ,0,0,1
5194 ,1,0,1
5197 ,1,1,1
5201 ,0,1,1
5204 ,0,0,1
5208 ,1,0,1
5211 ,1,1,1
5215 ,0,1,1
5218 ,0,0,1
5222 ,1,0,1
5225 ,1,1,1
5229 ,0,1,1
5232 ,0,0,1
5236 ,1,0,1
5239 ,1,1,1
5243 ,0,1,1
5246 ,0,0,1
5250 ,1,0,1
5253 ,1,1,1
5257 ,0,1,1
5260 ,0,0,1
5264 ,1,0,1
5267 ,1,1,1
5271 ,0,1,1
5274 ,0,0,1
5278 ,1,0,1
5281 ,1,1,1
5285 ,0,1,1
5288 ,0,0,1
5292 ,1,0,1
5295 ,1,1,1
5299 ,0,1,1
5302 ,0,0,1
5306 ,1,0,1
5309 ,1,1,1
5313 ,0,1,1
5316 ,0,0,1
5320 ,1,0,1
5323 ,1,1,1
5327 ,0,1,1
5330 ,0,0,1
5334 ,1,0,1
5337 ,1,1,1
5341 ,0,1,1
5344 ,0,0,1
5348 ,1,0,1
5351 ,1,1,1
5355 ,0,1,1
5358 ,0,0,1
5362 ,1,0,1
5365 ,1,1,1
5369 ,0,1,1
5372 ,0,0,1
5376 ,1,0,1
5379 ,1,1,1
5383 ,0,1,1
5386 ,0,0,1
5390 ,1,0,1
5393 ,1,1,1
5397 ,0,1,1
5400 ,0,0,1
5404 ,1,0,1
5407 ,1,1,1
5411 ,0,1,1
5414 ,0,0,1
5418 ,1,0,1
5421 ,1,1,1
5425 ,0,1,1
5428 ,0,0,1
5432 ,1,0,1
5435 ,1,1,1
5439 ,0,1,1
5442 ,0,0,1
5446 ,1,0,1
5449 ,1,1,1
5453 ,0,1,1
5456 ,0,0,1
5460 ,1,0,1
5463 ,1,1,1
5467 ,0,1,1
5470 ,0,0,1
5474 ,1,0,1
5477 ,1,1,1
5481 ,0,1,1
5484 ,0,0,1
5488 ,1,0,1
5491 ,1,1,1
5495 ,0,1,1
5498 ,0,0,1
5502 ,1,0,1
5505 ,1,1,1
5509 ,0,1,1
5512 ,0,0,1
5516 ,1,0,1
5519 ,1,1,1
5523 ,0,1,1
5526 ,0,0,1
5530 ,1,0,1
5533 ,1,1,1
5537 ,0,1,1
5540 ,0,0,1
5544 ,1,0,1
5547 ,1,1,1
5551 ,0,1,1
5554 ,0,0,1
5558 ,1,0,1
5561 ,1,1,1
5565 ,0,1,1
5568 ,0,0,1
5572 ,1,0,1
5575 ,1,1,1
5579 ,0,1,1
5582 ,0,0,1
5586 ,1,0,1
5589 ,1,1,1
5593 ,0,1,1
5596 ,0,0,1
5600 ,1,0,1
5603 ,1,1,1
5607 ,0,1,1
5610 ,0,0,1
5614 ,1,0,1
5617 ,1,1,1
5621 ,0,1,1
5624 ,0,0,1
5628 ,1,0,1
5631 ,1,1,1
5635 ,0,1,1
5638 ,0,0,1
5642 ,1,0,1
5645 ,1,1,1
5649 ,0,1,1
5652 ,0,0,1
5656 ,1,0,1
5659 ,1,1,1
5663 ,0,1,1
5666 ,0,0,1
5670 ,1,0,1
5673 ,1,1,1
5677 ,0,1,1
5680 ,0,0,1
5684 ,1,0,1
5687 ,1,1,1
5691 ,0,1,1
5694 ,0,0,1
5698 ,1,0,1
5701 ,1,1,1
5705 ,0,1,1
5708 ,0,0,1
5712 ,1,0,1
5715 ,1,1,1
5719 ,0,1,1
5722 ,0,0,1
5726 ,1,0,1
5729 ,1,1,1
5733 ,0,1,1
5736 ,0,0,1
5740 ,1,0,1
5743 ,1,1,1
5747 ,0,1,1
5750 ,0,0,1
5754 ,1,0,1
5757 ,1,1,1
5761 ,0,1,1
5764 ,0,0,1
5768 ,1,0,1
5771 ,1,1,1
5775 ,0,1,1
5778 ,0,0,1
5782 ,1,0,1
5785 ,1,1,1
5789 ,0,1,1
5792 ,0,0,1
5796 ,1,0,1
5799 ,1,1,1
5803 ,0,1,1
5806 ,0,0,1
5810 ,1,0,1
5813 ,1,1,1
5817 ,0,1,1
5820 ,0,0,1
5824 ,1,0,1
5827 ,1,1,1
5831 ,0,1,1
5834 ,0,0,1
5838 ,1,0,1
5841 ,1,1,1
5845 ,0,1,1
5848 ,0,0,1
5852 ,1,0,1
5855 ,1,1,1
5859 ,0,1,1
5862 ,0,0,1
5866 ,1,0,1
5869 ,1,1,1
5873 ,0,1,1
5876 ,0,0,1
5880 ,1,0,1
5883 ,1,1,1
5887 ,0,1,1
5890 ,0,0,1
5894 ,1,0,1
5897 ,1,1,1
5901 ,0,1,1
5904 ,0,0,1
5908 ,1,0,1
5911 ,1,1,1
5915 ,0,1,1
5918 ,0,0,1
5922 ,1,0,1
5925 ,1,1,1
5929 ,0,1,1
5932 ,0,0,1
5936 ,1,0,1
5939 ,1,1,1
5943 ,0,1,1
5946 ,0,0,1
5950 ,1,0,1
5953 ,1,1,1
5957 ,0,1,1
5960 ,0,0,1
5964 ,1,0,1
5967 ,1,1,1
5971 ,0,1,1
5974 ,0,0,1
5978 ,1,0,1
5981 ,1,1,1
5985 ,0,1,1
5988 ,0,0,1
5992 ,1,0,1
5995 ,1,1,1
5999 ,0,1,1
6002 ,0,0,1
6006 ,1,0,1
6009 ,1,1,1
6013 ,0,1,1
6016 ,0,0,1
6020 ,1,0,1
6023 ,1,1,1
6027 ,0,1,1
6030 ,0,0,1
6034 ,1,0,1
6037 ,1,1,1
6041 ,0,1,1
6044 ,0,0,1
6048 ,1,0,1
6051 ,1,1,1
6055 ,0,1,1
6058 ,0,0,1
6062 ,1,0,1
6065 ,1,1,1
6069 ,0,1,1
6072 ,0,0,1
6076 ,1,0,1
6079 ,1,1,1
6083 ,0,1,1
6086 ,0,0,1
6090 ,1,0,1
6093 ,1,1,1
6097 ,0,1,1
6100 ,0,0,1
6104 ,1,0,1
6107 ,1,1,1
6111 ,0,1,1
6114 ,0,0,1
6118 ,1,0,1
6121 ,1,1,1
6125 ,0,1,1
6128 ,0,0,1
6132 ,1,0,1
6135 ,1,1,1
6139 ,0,1,1
6142 ,0,0,1
6146 ,1,0,1
6149 ,1,1,1
6153 ,0,1,1
6156 ,0,0,1
6160 ,1,0,1
6163 ,1,1,1
6167 ,0,1,1
6170 ,0,0,1
6174 ,1,0,1
6177 ,1,1,1
6181 ,0,1,1
6184 ,0,0,1
6188 ,1,0,1
6191 ,1,1,1
6195 ,0,1,1
6198 ,0,0,1
6202 ,1,0,1
6205 ,1,1,1
6209 ,0,1,1
6212 ,0,0,1
6216 ,1,0,1
6219 ,1,1,1
6223 ,0,1,1
6226 ,0,0,1
6230 ,1,0,1
6233 ,1,1,1
6237 ,0,1,1
6240 ,0,0,1
6244 ,1,0,1
6247 ,1,1,1
6251 ,0,1,1
6254 ,0,0,1
6258 ,1,0,1
6261 ,1,1,1
6265 ,0,1,1
6268 ,0,0,1
6272 ,1,0,1
6275 ,1,1,1
6279 ,0,1,1
6282 ,0,0,1
6286 ,1,0,1
6289 ,1,1,1
6293 ,0,1,1
6296 ,0,0,1
6300 ,1,0,1
6303 ,1,1,1
6307 ,0,1,1
6310 ,0,0,1
6314 ,1,0,1
6317 ,1,1,1
6321 ,0,1,1
6324 ,0,0,1
6328 ,1,0,1
6331 ,1,1,1
6335 ,0,1,1
6338 ,0,0,1
6342 ,1,0,1
6345 ,1,1,1
6349 ,0,1,1
6352 ,0,0,1
6356 ,1,0,1
6359 ,1,1,1
6363 ,0,1,1
6366 ,0,0,1
6370 ,1,0,1
6373 ,1,1,1
6377 ,0,1,1
6380 ,0,0,1
6384 ,1,0,1
6387 ,1,1,1
6391 ,0,1,1
6394 ,0,0,1
6398 ,1,0,1
6401 ,1,1,1
6405 ,0,1,1
6408 ,0,0,1
6412 ,1,0,1
6415 ,1,1,1
6419 ,0,1,1
6422 ,0,0,1
6426 ,1,0,1
6429 ,1,1,1
6433 ,0,1,1
6436 ,0,0,1
6440 ,1,0,1
6443 ,1,1,1
6447 ,0,1,1
6450 ,0,0,1
6454 ,1,0,1
6457 ,1,1,1
6461 ,0,1,1
6464 ,0,0,1
6468 ,1,0,1
6471 ,1,1,1
6475 ,0,1,1
6478 ,0,0,1
6482 ,1,0,1
6485 ,1,1,1
6489 ,0,1,1
6492 ,0,0,1
6496 ,1,0,1
6499 ,1,1,1
6503 ,0,1,1
6506 ,0,0,1
6510 ,1,0,1
6513 ,1,1,1
6517 ,0,1,1
6520 ,0,0,1
6524 ,1,0,1
6527 ,1,1,1
6531 ,0,1,1
6534 ,0,0,1
6538 ,1,0,1
6541 ,1,1,1
6545 ,0,1,1
6548 ,0,0,1
6552 ,1,0,1
6555 ,1,1,1
6559 ,0,1,1
6562 ,0,0,1
6566 ,1,0,1
6569 ,1,1,1
6573 ,0,1,1
6576 ,0,0,1
6580 ,1,0,1
6583 ,1,1,1
6587 ,0,1,1
6590 ,0,0,1
6594 ,1,0,1
6597 ,1,1,1
6601 ,0,1,1
6604 ,0,0,1
6608 ,1,0,1
6611 ,1,1,1
6615 ,0,1,1
6618 ,0,0,1
6622 ,1,0,1
6625 ,1,1,1
6629 ,0,1,1
6632 ,0,0,1
6636 ,1,0,1
6639 ,1,1,1
6643 ,0,1,1
6646 ,0,0,1
6650 ,1,0,1
6653 ,1,1,1
6657 ,0,1,1
6660 ,0,0,1
6664 ,1,0,1
6667 ,1,1,1
6671 ,0,1,1
6674 ,0,0,1
6678 ,1,0,1
6681 ,1,1,1
6685 ,0,1,1
6688 ,0,0,1
6692 ,1,0,1
6695 ,1,1,1
6699 ,0,1,1
6702 ,0,0,1
6706 ,1,0,1
6709 ,1,1,1
6713 ,0,1,1
6716 ,0,0,1
6720 ,1,0,1
6723 ,1,1,1
6727 ,0,1,1
6730 ,0,0,1
6734 ,1,0,1
6737 ,1,1,1
6741 ,0,1,1
6744 ,0,0,1
6748 ,1,0,1
6751 ,1,1,1
6755 ,0,1,1
6758 ,0,0,1
6762 ,1,0,1
6765 ,1,1,1
6769 ,0,1,1
6772 ,0,0,1
6776 ,1,0,1
6779 ,1,1,1
6783 ,0,1,1
6786 ,0,0,1
6790 ,1,0,1
6793 ,1,1,1
6797 ,0,1,1
6800 ,0,0,1
6804 ,1,0,1
6807 ,1,1,1
6811 ,0,1,1
6814 ,0,0,1
6818 ,1,0,1
6821 ,1,1,1
6825 ,0,1,1
6828 ,0,0,1
6832 ,1,0,1
6835 ,1,1,1
6839 ,0,1,1
6842 ,0,0,1
6846 ,1,0,1
6849 ,1,1,1
6853 ,0,1,1
6856 ,0,0,1
6860 ,1,0,1
6863 ,1,1,1
6867 ,0,1,1
6870 ,0,0,1
6874 ,1,0,1
6877 ,1,1,1
6881 ,0,1,1
6884 ,0,0,1
6888 ,1,0,1
6891 ,1,1,1
6895 ,0,1,1
6898 ,0,0,1
6902 ,1,0,1
6905 ,1,1,1
6909 ,0,1,1
6912 ,0,0,1
6916 ,1,0,1
6919 ,1,1,1
6923 ,0,1,1
6926 ,0,0,1
6930 ,1,0,1
6933 ,1,1,1
6937 ,0,1,1
6940 ,0,0,1
6944 ,1,0,1
6947 ,1,1,1
6951 ,0,1,1
6954 ,0,0,1
6958 ,1,0,1
6961 ,1,1,1
6965 ,0,1,1
6968 ,0,0,1
6972 ,1,0,1
6975 ,1,1,1
6979 ,0,1,1
6982 ,0,0,1
6986 ,1,0,1
6989 ,1,1,1
6993 ,0,1,1
6996 ,0,0,1
7000 ,1,0,1
7003 ,1,1,1
7007 ,0,1,1
7010 ,0,0,1
7014 ,1,0,1
7017 ,1,1,1
7021 ,0,1,1
7024 ,0,0,1
7028 ,1,0,1
7031 ,1,1,1
7035 ,0,1,1
7038 ,0,0,1
7042 ,1,0,1
7045 ,1,1,1
7049 ,0,1,1
7052 ,0,0,1
7056 ,1,0,1
7059 ,1,1,1
7063 ,0,1,1
7066 ,0,0,1
7070 ,1,0,1
7073 ,1,1,1
7077 ,0,1,1
7080 ,0,0,1
7084 ,1,0,1
7087 ,1,1,1
7091 ,0,1,1
7094 ,0,0,1
7098 ,1,0,1
7101 ,1,1,1
7105 ,0,1,1
7108 ,0,0,1
7112 ,1,0,1
7115 ,1,1,1
7119 ,0,1,1
7122 ,0,0,1
7126 ,1,0,1
7129 ,1,1,1
7133 ,0,1,1
7136 ,0,0,1
7140 ,1,0,1
7143 ,1,1,1
7147 ,0,1,1
7150 ,0,0,1
7154 ,1,0,1
7157 ,1,1,1
7161 ,0,1,1
7164 ,0,0,1
7168 ,1,0,1
7171 ,1,1,1
7175 ,0,1,1
7178 ,0,0,1
7182 ,1,0,1
7185 ,1,1,1
7189 ,0,1,1
7192 ,0,0,1
7196 ,1,0,1
7199 ,1,1,1
7203 ,0,1,1
7206 ,0,0,1
7210 ,1,0,1
7213 ,1,1,1
7217 ,0,1,1
7220 ,0,0,1
7224 ,1,0,1
7227 ,1,1,1
7231 ,0,1,1
7234 ,0,0,1
7238 ,1,0,1
7241 ,1,1,1
7245 ,0,1,1
7248 ,0,0,1
7252 ,1,0,1
7255 ,1,1,1
7259 ,0,1,1
7262 ,0,0,1
7266 ,1,0,1
7269 ,1,1,1
7273 ,0,1,1
7276 ,0,0,1
7280 ,1,0,1
7283 ,1,1,1
7287 ,0,1,1
7290 ,0,0,1
7294 ,1,0,1
7297 ,1,1,1
7301 ,0,1,1
7304 ,0,0,1
7308 ,1,0,1
7311 ,1,1,1
7315 ,0,1,1
7318 ,0,0,1
7322 ,1,0,1
7325 ,1,1,1
7329 ,0,1,1
7332 ,0,0,1
7336 ,1,0,1
7339 ,1,1,1
7343 ,0,1,1
7346 ,0,0,1
7350 ,1,0,1
7353 ,1,1,1
7357 ,0,1,1
7360 ,0,0,1
7364 ,1,0,1
7367 ,1,1,1
7371 ,0,1,1
7374 ,0,0,1
7378 ,1,0,1
7381 ,1,1,1
7385 ,0,1,1
7388 ,0,0,1
7392 ,1,0,1
7395 ,1,1,1
7399 ,0,1,1
7402 ,0,0,1
7406 ,1,0,1
7409 ,1,1,1
7413 ,0,1,1
7416 ,0,0,1
7420 ,1,0,1
7423 ,1,1,1
7427 ,0,1,1
7430 ,0,0,1
7434 ,1,0,1
7437 ,1,1,1
7441 ,0,1,1
7444 ,0,0,1
7448 ,1,0,1
7451 ,1,1,1
7455 ,0,1,1
7458 ,0,0,1
7462 ,1,0,1
7465 ,1,1,1
7469 ,0,1,1
7472 ,0,0,1
7476 ,1,0,1
7479 ,1,1,1
7483 ,0,1,1
7486 ,0,0,1
7490 ,1,0,1
7493 ,1,1,1
7497 ,0,1,1
7500 ,0,0,1
7504 ,1,0,1
7507 ,1,1,1
7511 ,0,1,1
7514 ,0,0,1
7518 ,1,0,1
7521 ,1,1,1
7525 ,0,1,1
7528 ,0,0,1
7532 ,1,0,1
7535 ,1,1,1
7539 ,0,1,1
7542 ,0,0,1
7546 ,1,0,1
7549 ,1,1,1
7553 ,0,1,1
7556 ,0,0,1
7560 ,1,0,1
7563 ,1,1,1
7567 ,0,1,1
7570 ,0,0,1
7574 ,1,0,1
7577 ,1,1,1
7581 ,0,1,1
7584 ,0,0,1
7588 ,1,0,1
7591 ,1,1,1
7595 ,0,1,1
7598 ,0,0,1
7602 ,1,0,1
7605 ,1,1,1
7609 ,0,1,1
7612 ,0,0,1
7616 ,1,0,1
7619 ,1,1,1
7623 ,0,1,1
7626 ,0,0,1
7630 ,1,0,1
7633 ,1,1,1
7637 ,0,1,1
7640 ,0,0,1
7644 ,1,0,1
7647 ,1,1,1
7651 ,0,1,1
7654 ,0,0,1
7658 ,1,0,1
7661 ,1,1,1
7665 ,0,1,1
7668 ,0,0,1
7672 ,1,0,1
7675 ,1,1,1
7679 ,0,1,1
7682 ,0,0,1
7686 ,1,0,1
7689 ,1,1,1
7693 ,0,1,1
7696 ,0,0,1
7700 ,1,0,1
7703 ,1,1,1
7707 ,0,1,1
7710 ,0,0,1
7714 ,1,0,1
7717 ,1,1,1
7721 ,0,1,1
7724 ,0,0,1
7728 ,1,0,1
7731 ,1,1,1
7735 ,0,1,1
7738 ,0,0,1
7742 ,1,0,1
7745 ,1,1,1
7749 ,0,1,1
7752 ,0,0,1
7756 ,1,0,1
7759 ,1,1,1
7763 ,0,1,1
7766 ,0,0,1
7770 ,1,0,1
7773 ,1,1,1
7777 ,0,1,1
7780 ,0,0,1
7784 ,1,0,1
7787 ,1,1,1
7791 ,0,1,1
7794 ,0,0,1
7798 ,1,0,1
7801 ,1,1,1
7805 ,0,1,1
7808 ,0,0,1
7812 ,1,0,1
7815 ,1,1,1
7819 ,0,1,1
7822 ,0,0,1
7826 ,1,0,1
7829 ,1,1,1
7833 ,0,1,1
7836 ,0,0,1
7840 ,1,0,1
7843 ,1,1,1
7847 ,0,1,1
7850 ,0,0,1
7854 ,1,0,1
7857 ,1,1,1
7861 ,0,1,1
7864 ,0,0,1
7868 ,1,0,1
7871 ,1,1,1
7875 ,0,1,1
7878 ,0,0,1
7882 ,1,0,1
7885 ,1,1,1
7889 ,0,1,1
7892 ,0,0,1
7896 ,1,0,1
7899 ,1,1,1
7903 ,0,1,1
7906 ,0,0,1
7910 ,1,0,1
7913 ,1,1,1
7917 ,0,1,1
7920 ,0,0,1
7924 ,1,0,1
7927 ,1,1,1
7931 ,0,1,1
7934 ,0,0,1
7938 ,1,0,1
7941 ,1,1,1
7945 ,0,1,1
7948 ,0,0,1
7952 ,1,0,1
7955 ,1,1,1
7959 ,0,1,1
7962 ,0,0,1
7966 ,1,0,1
7969 ,1,1,1
7973 ,0,1,1
7976 ,0,0,1
7980 ,1,0,1
7983 ,1,1,1
7987 ,0,1,1
7990 ,0,0,1
7994 ,1,0,1
7997 ,1,1,1
8001 ,0,1,1
8004 ,0,0,1
8008 ,1,0,1
8011 ,1,1,1
8015 ,0,1,1
8018 ,0,0,1
8022 ,1,0,1
8025 ,1,1,1
8029 ,0,1,1
8032 ,0,0,1
8036 ,1,0,1
8039 ,1,1,1
8043 ,0,1,1
8046 ,0,0,1
8050 ,1,0,1
8053 ,1,1,1
8057 ,0,1,1
8060 ,0,0,1
8064 ,1,0,1
8067 ,1,1,1
8071 ,0,1,1
8074 ,0,0,1
8078 ,1,0,1
8081 ,1,1,1
8085 ,0,1,1
8088 ,0,0,1
8092 ,1,0,1
8095 ,1,1,1
8099 ,0,1,1
8102 ,0,0,1
8106 ,1,0,1
8109 ,1,1,1
8113 ,0,1,1
8116 ,0,0,1
8120 ,1,0,1
8123 ,1,1,1
8127 ,0,1,1
8130 ,0,0,1
8134 ,1,0,1
8137 ,1,1,1
8141 ,0,1,1
8144 ,0,0,1
8148 ,1,0,1
8151 ,1,1,1
8155 ,0,1,1
8158 ,0,0,1
8162 ,1,0,1
8165 ,1,1,1
8169 ,0,1,1
8172 ,0,0,1
8176 ,1,0,1
8179 ,1,1,1
8183 ,0,1,1
8186 ,0,0,1
8190 ,1,0,1
8193 ,1,1,1
8197 ,0,1,1
8200 ,0,0,1
8204 ,1,0,1
8207 ,1,1,1
8211 ,0,1,1
8214 ,0,0,1
8218 ,1,0,1
8221 ,1,1,1
8225 ,0,1,1
8228 ,0,0,1
8232 ,1,0,1
8235 ,1,1,1
8239 ,0,1,1
8242 ,0,0,1
8246 ,1,0,1
8249 ,1,1,1
8253 ,0,1,1
8256 ,0,0,1
8260 ,1,0,1
8263 ,1,1,1
8267 ,0,1,1
8270 ,0,0,1
8274 ,1,0,1
8277 ,1,1,1
8281 ,0,1,1
8284 ,0,0,1
8288 ,1,0,1
8291 ,1,1,1
8295 ,0,1,1
8298 ,0,0,1
8302 ,1,0,1
8305 ,1,1,1
8309 ,0,1,1
8312 ,0,0,1
8316 ,1,0,1
8319 ,1,1,1
8323 ,0,1,1
8326 ,0,0,1
8330 ,1,0,1
8333 ,1,1,1
8337 ,0,1,1
8340 ,0,0,1
8344 ,1,0,1
8347 ,1,1,1
8351 ,0,1,1
8354 ,0,0,1
8358 ,1,0,1
8361 ,1,1,1
8365 ,0,1,1
8368 ,0,0,1
8372 ,1,0,1
8375 ,1,1,1
8379 ,0,1,1
8382 ,0,0,1
8386 ,1,0,1
8389 ,1,1,1
8393 ,0,1,1
8396 ,0,0,1
8400 ,1,0,1
8403 ,1,1,1
8407 ,0,1,1
8410 ,0,0,1
8414 ,1,0,1
8417 ,1,1,1
8421 ,0,1,1
8424 ,0,0,1
8428 ,1,0,1
8431 ,1,1,1
8435 ,0,1,1
8438 ,0,0,1
8442 ,1,0,1
8445 ,1,1,1
8449 ,0,1,1
8452 ,0,0,1
8456 ,1,0,1
8459 ,1,1,1
8463 ,0,1,1
8466 ,0,0,1
8470 ,1,0,1
8473 ,1,1,1
8477 ,0,1,1
8480 ,0,0,1
8484 ,1,0,1
8487 ,1,1,1
8491 ,0,1,1
8494 ,0,0,1
8498 ,1,0,1
8501 ,1,1,1
8505 ,0,1,1
8508 ,0,0,1
8512 ,1,0,1
8515 ,1,1,1
8519 ,0,1,1
8522 ,0,0,1
8526 ,1,0,1
8529 ,1,1,1
8533 ,0,1,1
8536 ,0,0,1
8540 ,1,0,1
8543 ,1,1,1
8547 ,0,1,1
8550 ,0,0,1
8554 ,1,0,1
8557 ,1,1,1
8561 ,0,1,1
8564 ,0,0,1
8568 ,1,0,1
8571 ,1,1,1
8575 ,0,1,1
8578 ,0,0,1
8582 ,1,0,1
8585 ,1,1,1
8589 ,0,1,1
8592 ,0,0,1
8596 ,1,0,1
8599 ,1,1,1
8603 ,0,1,1
8606 ,0,0,1
8610 ,1,0,1
8613 ,1,1,1
8617 ,0,1,1
8620 ,0,0,1
8624 ,1,0,1
8627 ,1,1,1
8631 ,0,1,1
8634 ,0,0,1
8638 ,1,0,1
8641 ,1,1,1
8645 ,0,1,1
8648 ,0,0,1
8652 ,1,0,1
8655 ,1,1,1
8659 ,0,1,1
8662 ,0,0,1
8666 ,1,0,1
8669 ,1,1,1
8673 ,0,1,1
8676 ,0,0,1
8680 ,1,0,1
8683 ,1,1,1
8687 ,0,1,1
8690 ,0,0,1
8694 ,1,0,1
8697 ,1,1,1
8701 ,0,1,1
8704 ,0,0,1
8708 ,1,0,1
8711 ,1,1,1
8715 ,0,1,1
8718 ,0,0,1
8722 ,1,0,1
8725 ,1,1,1
8729 ,0,1,1
8732 ,0,0,1
8736 ,1,0,1
8739 ,1,1,1
8743 ,0,1,1
8746 ,0,0,1
8750 ,1,0,1
8753 ,1,1,1
8757 ,0,1,1
8760 ,0,0,1
8764 ,1,0,1
8767 ,1,1,1
8771 ,0,1,1
8774 ,0,0,1
8778 ,1,0,1
8781 ,1,1,1
8785 ,0,1,1
8788 ,0,0,1
8792 ,1,0,1
8795 ,1,1,1
8799 ,0,1,1
8802 ,0,0,1
8806 ,1,0,1
8809 ,1,1,1
8813 ,0,1,1
8816 ,0,0,1
8820 ,1,0,1
8823 ,1,1,1
8827 ,0,1,1
8830 ,0,0,1
8834 ,1,0,1
8837 ,1,1,1
8841 ,0,1,1
8844 ,0,0,1
8848 ,1,0,1
8851 ,1,1,1
8855 ,0,1,1
8858 ,0,0,1
8862 ,1,0,1
8865 ,1,1,1
8869 ,0,1,1
8872 ,0,0,1
8876 ,1,0,1
8879 ,1,1,1
8883 ,0,1,1
8886 ,0,0,1
8890 ,1,0,1
8893 ,1,1,1
8897 ,0,1,1
8900 ,0,0,1
8904 ,1,0,1
8907 ,1,1,1
8911 ,0,1,1
8914 ,0,0,1
8918 ,1,0,1
8921 ,1,1,1
8925 ,0,1,1
8928 ,0,0,1
8932 ,1,0,1
8935 ,1,1,1
8939 ,0,1,1
8942 ,0,0,1
8946 ,1,0,1
8949 ,1,1,1
8953 ,0,1,1
8956 ,0,0,1
8960 ,1,0,1
8963 ,1,1,1
8967 ,0,1,1
8970 ,0,0,1
8974 ,1,0,1
8977 ,1,1,1
8981 ,0,1,1
8984 ,0,0,1
8988 ,1,0,1
8991 ,1,1,1
8995 ,0,1,1
8998 ,0,0,1
9002 ,1,0,1
9005 ,1,1,1
9009 ,0,1,1
9012 ,0,0,1
9016 ,1,0,1
9019 ,1,1,1
9023 ,0,1,1
9026 ,0,0,1
9030 ,1,0,1
9033 ,1,1,1
9037 ,0,1,1
9040 ,0,0,1
9044 ,1,0,1
9047 ,1,1,1
9051 ,0,1,1
9054 ,0,0,1
9058 ,1,0,1
9061 ,1,1,1
9065 ,0,1,1
9068 ,0,0,1
9072 ,1,0,1
9075 ,1,1,1
9079 ,0,1,1
9082 ,0,0,1
9086 ,1,0,1
9089 ,1,1,1
9093 ,0,1,1
9096 ,0,0,1
9100 ,1,0,1
9103 ,1,1,1
9107 ,0,1,1
9110 ,0,0,1
9114 ,1,0,1
9117 ,1,1,1
9121 ,0,1,1
9124 ,0,0,1
9128 ,1,0,1
9131 ,1,1,1
9135 ,0,1,1
9138 ,0,0,1
9142 ,1,0,1
9145 ,1,1,1
9149 ,0,1,1
9152 ,0,0,1
9156 ,1,0,1
9159 ,1,1,1
9163 ,0,1,1
9166 ,0,0,1
9170 ,1,0,1
9173 ,1,1,1
9177 ,0,1,1
9180 ,0,0,1
9184 ,1,0,1
9187 ,1,1,1
9191 ,0,1,1
9194 ,0,0,1
9198 ,1,0,1
9201 ,1,1,1
9205 ,0,1,1
9208 ,0,0,1
9212 ,1,0,1
9215 ,1,1,1
9219 ,0,1,1
9222 ,0,0,1
9226 ,1,0,1
9229 ,1,1,1
9233 ,0,1,1
9236 ,0,0,1
9240 ,1,0,1
9243 ,1,1,1
9247 ,0,1,1
9250 ,0,0,1
9254 ,1,0,1
9257 ,1,1,1
9261 ,0,1,1
9264 ,0,0,1
9268 ,1,0,1
9271 ,1,1,1
9275 ,0,1,1
9278 ,0,0,1
9282 ,1,0,1
9285 ,1,1,1
9289 ,0,1,1
9292 ,0,0,1
9296 ,1,0,1
9299 ,1,1,1
9303 ,0,1,1
9306 ,0,0,1
9310 ,1,0,1
9313 ,1,1,1
9317 ,0,1,1
9320 ,0,0,1
9324 ,1,0,1
9327 ,1,1,1
9331 ,0,1,1
9334 ,0,0,1
9338 ,1,0,1
9341 ,1,1,1
9345 ,0,1,1
9348 ,0,0,1
9352 ,1,0,1
9355 ,1,1,1
9359 ,0,1,1
9362 ,0,0,1
9366 ,1,0,1
9369 ,1,1,1
9373 ,0,1,1
9376 ,0,0,1
9380 ,1,0,1
9383 ,1,1,1
9387 ,0,1,1
9390 ,0,0,1
9394 ,1,0,1
9397 ,1,1,1
9401 ,0,1,1
9404 ,0,0,1
9408 ,1,0,1
9411 ,1,1,1
9415 ,0,1,1
9418 ,0,0,1
9422 ,1,0,1
9425 ,1,1,1
9429 ,0,1,1
9432 ,0,0,1
9436 ,1,0,1
9439 ,1,1,1
9443 ,0,1,1
9446 ,0,0,1
9450 ,1,0,1
9453 ,1,1,1
9457 ,0,1,1
9460 ,0,0,1
9464 ,1,0,1
9467 ,1,1,1
9471 ,0,1,1
9474 ,0,0,1
9478 ,1,0,1
9481 ,1,1,1
9485 ,0,1,1
9488 ,0,0,1
9492 ,1,0,1
9495 ,1,1,1
9499 ,0,1,1
9502 ,0,0,1
9506 ,1,0,1
9509 ,1,1,1
9513 ,0,1,1
9516 ,0,0,1
9520 ,1,0,1
9523 ,1,1,1
9527 ,0,1,1
9530 ,0,0,1
9534 ,1,0,1
9537 ,1,1,1
9541 ,0,1,1
9544 ,0,0,1
9548 ,1,0,1
9551 ,1,1,1
9555 ,0,1,1
9558 ,0,0,1
9562 ,1,0,1
9565 ,1,1,1
9569 ,0,1,1
9572 ,0,0,1
9576 ,1,0,1
9579 ,1,1,1
9583 ,0,1,1
9586 ,0,0,1
9590 ,1,0,1
9593 ,1,1,1
9597 ,0,1,1
9600 ,0,0,1
9604 ,1,0,1
9607 ,1,1,1
9611 ,0,1,1
9614 ,0,0,1
9618 ,1,0,1
9621 ,1,1,1
9625 ,0,1,1
9628 ,0,0,1
9632 ,1,0,1
9635 ,1,1,1
9639 ,0,1,1
9642 ,0,0,1
9646 ,1,0,1
9649 ,1,1,1
9653 ,0,1,1
9656 ,0,0,1
9660 ,1,0,1
9663 ,1,1,1
9667 ,0,1,1
9670 ,0,0,1
9674 ,1,0,1
9677 ,1,1,1
9681 ,0,1,1
9684 ,0,0,1
9688 ,1,0,1
9691 ,1,1,1
9695 ,0,1,1
9698 ,0,0,1
9702 ,1,0,1
9705 ,1,1,1
9709 ,0,1,1
9712 ,0,0,1
9716 ,1,0,1
9719 ,1,1,1
9723 ,0,1,1
9726 ,0,0,1
9730 ,1,0,1
9733 ,1,1,1
9737 ,0,1,1
9740 ,0,0,1
9744 ,1,0,1
9747 ,1,1,1
9751 ,0,1,1
9754 ,0,0,1
9758 ,1,0,1
9761 ,1,1,1
9765 ,0,1,1
9768 ,0,0,1
9772 ,1,0,1
9775 ,1,1,1
9779 ,0,1,1
9782 ,0,0,1
9786 ,1,0,1
9789 ,1,1,1
9793 ,0,1,1
9796 ,0,0,1
9800 ,1,0,1
9803 ,1,1,1
9807 ,0,1,1
9810 ,0,0,1
9814 ,1,0,1
9817 ,1,1,1
9821 ,0,1,1
9824 ,0,0,1
9828 ,1,0,1
9831 ,1,1,1
9835 ,0,1,1
9838 ,0,0,1
9842 ,1,0,1
9845 ,1,1,1
9849 ,0,1,1
9852 ,0,0,1
9856 ,1,0,1
9859 ,1,1,1
9863 ,0,1,1
9866 ,0,0,1
9870 ,1,0,1
9873 ,1,1,1
9877 ,0,1,1
9880 ,0,0,1
9884 ,1,0,1
9887 ,1,1,1
9891 ,0,1,1
9894 ,0,0,1
9898 ,1,0,1
9901 ,1,1,1
9905 ,0,1,1
9908 ,0,0,1
9912 ,1,0,1
9915 ,1,1,1
9919 ,0,1,1
9922 ,0,0,1
9926 ,1,0,1
9929 ,1,1,1
9933 ,0,1,1
9936 ,0,0,1
9940 ,1,0,1
9943 ,1,1,1
9947 ,0,1,1
9950 ,0,0,1
9954 ,1,0,1
9957 ,1,1,1
9961 ,0,1,1
9964 ,0,0,1
9968 ,1,0,1
9971 ,1,1,1
9975 ,0,1,1
9978 ,0,0,1
9982 ,1,0,1
9985 ,1,1,1
9989 ,0,1,1
9992 ,0,0,1
9996 ,1,0,1
9999 ,1,1,1
10003 ,0,1,1
10006 ,0,0,1
10010 ,1,0,1
10013 ,1,1,1
10017 ,0,1,1
10020 ,0,0,1
10024 ,1,0,1
10027 ,1,1,1
10031 ,0,1,1
10034 ,0,0,1
10038 ,1,0,1
10041 ,1,1,1
10045 ,0,1,1
10048 ,0,0,1
10052 ,1,0,1
10055 ,1,1,1
10059 ,0,1,1
10062 ,0,0,1
10066 ,1,0,1
10069 ,1,1,1
10073 ,0,1,1
10076 ,0,0,1
10080 ,1,0,1
10083 ,1,1,1
10087 ,0,1,1
10090 ,0,0,1
10094 ,1,0,1
10097 ,1,1,1
10101 ,0,1,1
10104 ,0,0,1
10108 ,1,0,1
10111 ,1,1,1
10115 ,0,1,1
10118 ,0,0,1
10122 ,1,0,1
10125 ,1,1,1
10129 ,0,1,1
10132 ,0,0,1
10136 ,1,0,1
10139 ,1,1,1
10143 ,0,1,1
10146 ,0,0,1
10150 ,1,0,1
10153 ,1,1,1
10157 ,0,1,1
10160 ,0,0,1
10164 ,1,0,1
10167 ,1,1,1
10171 ,0,1,1
10174 ,0,0,1
10178 ,1,0,1
10181 ,1,1,1
10185 ,0,1,1
10188 ,0,0,1
10192 ,1,0,1
10195 ,1,1,1
10199 ,0,1,1
10202 ,0,0,1
10206 ,1,0,1
10209 ,1,1,1
10213 ,0,1,1
10216 ,0,0,1
10220 ,1,0,1
10223 ,1,1,1
10227 ,0,1,1
10230 ,0,0,1
10234 ,1,0,1
10237 ,1,1,1
10241 ,0,1,1
10244 ,0,0,1
10248 ,1,0,1
10251 ,1,1,1
10255 ,0,1,1
10258 ,0,0,1
10262 ,1,0,1
10265 ,1,1,1
10269 ,0,1,1
10272 ,0,0,1
10276 ,1,0,1
10279 ,1,1,1
10283 ,0,1,1
10286 ,0,0,1
10290 ,1,0,1
10293 ,1,1,1
10297 ,0,1,1
10300 ,0,0,1
10304 ,1,0,1
10307 ,1,1,1
10311 ,0,1,1
10314 ,0,0,1
10318 ,1,0,1
10321 ,1,1,1
10325 ,0,1,1
10328 ,0,0,1
10332 ,1,0,1
10335 ,1,1,1
10339 ,0,1,1
10342 ,0,0,1
10346 ,1,0,1
10349 ,1,1,1
10353 ,0,1,1
10356 ,0,0,1
10360 ,1,0,1
10363 ,1,1,1
10367 ,0,1,1
10370 ,0,0,1
10374 ,1,0,1
10377 ,1,1,1
10381 ,0,1,1
10384 ,0,0,1
10388 ,1,0,1
10391 ,1,1,1
10395 ,0,1,1
10398 ,0,0,1
10402 ,1,0,1
10405 ,1,1,1
10409 ,0,1,1
10412 ,0,0,1
10416 ,1,0,1
10419 ,1,1,1
10423 ,0,1,1
10426 ,0,0,1
10430 ,1,0,1
10433 ,1,1,1
10437 ,0,1,1
10440 ,0,0,1
10444 ,1,0,1
10447 ,1,1,1
10451 ,0,1,1
10454 ,0,0,1
10458 ,1,0,1
10461 ,1,1,1
10465 ,0,1,1
10468 ,0,0,1
10472 ,1,0,1
10475 ,1,1,1
10479 ,0,1,1
10482 ,0,0,1
10486 ,1,0,1
10489 ,1,1,1
10493 ,0,1,1
10496 ,0,0,1
10500 ,1,0,1
10503 ,1,1,1
10507 ,0,1,1
10510 ,0,0,1
10514 ,1,0,1
10517 ,1,1,1
10521 ,0,1,1
10524 ,0,0,1
10528 ,1,0,1
10531 ,1,1,1
10535 ,0,1,1
10538 ,0,0,1
10542 ,1,0,1
10545 ,1,1,1
10549 ,0,1,1
10552 ,0,0,1
10556 ,1,0,1
10559 ,1,1,1
10563 ,0,1,1
10566 ,0,0,1
10570 ,1,0,1
10573 ,1,1,1
10577 ,0,1,1
10580 ,0,0,1
10584 ,1,0,1
10587 ,1,1,1
10591 ,0,1,1
10594 ,0,0,1
10598 ,1,0,1
10601 ,1,1,1
10605 ,0,1,1
10608 ,0,0,1
10612 ,1,0,1
10615 ,1,1,1
10619 ,0,1,1
10622 ,0,0,1
10626 ,1,0,1
10629 ,1,1,1
10633 ,0,1,1
10636 ,0,0,1
10640 ,1,0,1
10643 ,1,1,1
10647 ,0,1,1
10650 ,0,0,1
10654 ,1,0,1
10657 ,1,1,1
10661 ,0,1,1
10664 ,0,0,1
10668 ,1,0,1
10671 ,1,1,1
10675 ,0,1,1
10678 ,0,0,1
10682 ,1,0,1
10685 ,1,1,1
10689 ,0,1,1
10692 ,0,0,1
10696 ,1,0,1
10699 ,1,1,1
10703 ,0,1,1
10706 ,0,0,1
10710 ,1,0,1
10713 ,1,1,1
10717 ,0,1,1
10720 ,0,0,1
10724 ,1,0,1
10727 ,1,1,1
10731 ,0,1,1
10734 ,0,0,1
10738 ,1,0,1
10741 ,1,1,1
10745 ,0,1,1
10748 ,0,0,1
10752 ,1,0,1
10755 ,1,1,1
10759 ,0,1,1
10762 ,0,0,1
10766 ,1,0,1
10769 ,1,1,1
10773 ,0,1,1
10776 ,0,0,1
10780 ,1,0,1
10783 ,1,1,1
10787 ,0,1,1
10790 ,0,0,1
10794 ,1,0,1
10797 ,1,1,1
10801 ,0,1,1
10804 ,0,0,1
10808 ,1,0,1
10811 ,1,1,1
10815 ,0,1,1
10818 ,0,0,1
10822 ,1,0,1
10825 ,1,1,1
10829 ,0,1,1
10832 ,0,0,1
10836 ,1,0,1
10839 ,1,1,1
10843 ,0,1,1
10846 ,0,0,1
10850 ,1,0,1
10853 ,1,1,1
10857 ,0,1,1
10860 ,0,0,1
10864 ,1,0,1
10867 ,1,1,1
10871 ,0,1,1
10874 ,0,0,1
10878 ,1,0,1
10881 ,1,1,1
10885 ,0,1,1
10888 ,0,0,1
10892 ,1,0,1
10895 ,1,1,1
10899 ,0,1,1
10902 ,0,0,1
10906 ,1,0,1
10909 ,1,1,1
10913 ,0,1,1
10916 ,0,0,1
10920 ,1,0,1
10923 ,1,1,1
10927 ,0,1,1
10930 ,0,0,1
10934 ,1,0,1
10937 ,1,1,1
10941 ,0,1,1
10944 ,0,0,1
10948 ,1,0,1
10951 ,1,1,1
10955 ,0,1,1
10958 ,0,0,1
10962 ,1,0,1
10965 ,1,1,1
10969 ,0,1,1
10972 ,0,0,1
10976 ,1,0,1
10979 ,1,1,1
10983 ,0,1,1
10986 ,0,0,1
10990 ,1,0,1
10993 ,1,1,1
10997 ,0,1,1
11000 ,0,0,1
11004 ,1,0,1
11007 ,1,1,1
11011 ,0,1,1
11014 ,0,0,1
11018 ,1,0,1
11021 ,1,1,1
11025 ,0,1,1
11028 ,0,0,1
11032 ,1,0,1
11035 ,1,1,1
11039 ,0,1,1
11042 ,0,0,1
11046 ,1,0,1
11049 ,1,1,1
11053 ,0,1,1
11056 ,0,0,1
11060 ,1,0,1
11063 ,1,1,1
11067 ,0,1,1
11070 ,0,0,1
11074 ,1,0,1
11077 ,1,1,1
11081 ,0,1,1
11084 ,0,0,1
11088 ,1,0,1
11091 ,1,1,1
11095 ,0,1,1
11098 ,0,0,1
11102 ,1,0,1
11105 ,1,1,1
11109 ,0,1,1
11112 ,0,0,1
11116 ,1,0,1
11119 ,1,1,1
11123 ,0,1,1
11126 ,0,0,1
11130 ,1,0,1
11133 ,1,1,1
11137 ,0,1,1
11140 ,0,0,1
11144 ,1,0,1
11147 ,1,1,1
11151 ,0,1,1
11154 ,0,0,1
11158 ,1,0,1
11161 ,1,1,1
11165 ,0,1,1
11168 ,0,0,1
11172 ,1,0,1
11175 ,1,1,1
11179 ,0,1,1
11182 ,0,0,1
11186 ,1,0,1
11189 ,1,1,1
11193 ,0,1,1
11196 ,0,0,1
11200 ,1,0,1
11203 ,1,1,1
11207 ,0,1,1
11210 ,0,0,1
11214 ,1,0,1
11217 ,1,1,1
11221 ,0,1,1
11224 ,0,0,1
11228 ,1,0,1
11231 ,1,1,1
11235 ,0,1,1
11238 ,0,0,1
11242 ,1,0,1
11245 ,1,1,1
11249 ,0,1,1
11252 ,0,0,1
11256 ,1,0,1
11259 ,1,1,1
11263 ,0,1,1
11266 ,0,0,1
11270 ,1,0,1
11273 ,1,1,1
11277 ,0,1,1
11280 ,0,0,1
11284 ,1,0,1
11287 ,1,1,1
11291 ,0,1,1
11294 ,0,0,1
11298 ,1,0,1
11301 ,1,1,1
11305 ,0,1,1
11308 ,0,0,1
11312 ,1,0,1
11315 ,1,1,1
11319 ,0,1,1
11322 ,0,0,1
11326 ,1,0,1
11329 ,1,1,1
11333 ,0,1,1
11336 ,0,0,1
11340 ,1,0,1
11343 ,1,1,1
11347 ,0,1,1
11350 ,0,0,1
11354 ,1,0,1
11357 ,1,1,1
11361 ,0,1,1
11364 ,0,0,1
11368 ,1,0,1
11371 ,1,1,1
11375 ,0,1,1
11378 ,0,0,1
11382 ,1,0,1
11385 ,1,1,1
11389 ,0,1,1
11392 ,0,0,1
11396 ,1,0,1
11399 ,1,1,1
11403 ,0,1,1
11406 ,0,0,1
11410 ,1,0,1
11413 ,1,1,1
11417 ,0,1,1
11420 ,0,0,1
11424 ,1,0,1
11427 ,1,1,1
11431 ,0,1,1
11434 ,0,0,1
11438 ,1,0,1
11441 ,1,1,1
11445 ,0,1,1
11448 ,0,0,1
11452 ,1,0,1
11455 ,1,1,1
11459 ,0,1,1
11462 ,0,0,1
11466 ,1,0,1
11469 ,1,1,1
11473 ,0,1,1
11476 ,0,0,1
11480 ,1,0,1
11483 ,1,1,1
11487 ,0,1,1
11490 ,0,0,1
11494 ,1,0,1
11497 ,1,1,1
11501 ,0,1,1
11504 ,0,0,1
11508 ,1,0,1
11511 ,1,1,1
11515 ,0,1,1
11518 ,0,0,1
11522 ,1,0,1
11525 ,1,1,1
11529 ,0,1,1
11532 ,0,0,1
11536 ,1,0,1
11539 ,1,1,1
11543 ,0,1,1
11546 ,0,0,1
11550 ,1,0,1
11553 ,1,1,1
11557 ,0,1,1
11560 ,0,0,1
11564 ,1,0,1
11567 ,1,1,1
11571 ,0,1,1
11574 ,0,0,1
11578 ,1,0,1
11581 ,1,1,1
11585 ,0,1,1
11588 ,0,0,1
11592 ,1,0,1
11595 ,1,1,1
11599 ,0,1,1
11602 ,0,0,1
11606 ,1,0,1
11609 ,1,1,1
11613 ,0,1,1
11616 ,0,0,1
11620 ,1,0,1
11623 ,1,1,1
11627 ,0,1,1
11630 ,0,0,1
11634 ,1,0,1
11637 ,1,1,1
11641 ,0,1,1
11644 ,0,0,1
11648 ,1,0,1
11651 ,1,1,1
11655 ,0,1,1
11658 ,0,0,1
11662 ,1,0,1
11665 ,1,1,1
11669 ,0,1,1
11672 ,0,0,1
11676 ,1,0,1
11679 ,1,1,1
11683 ,0,1,1
11686 ,0,0,1
11690 ,1,0,1
11693 ,1,1,1
11697 ,0,1,1
11700 ,0,0,1
11704 ,1,0,1
11707 ,1,1,1
11711 ,0,1,1
11714 ,0,0,1
11718 ,1,0,1
11721 ,1,1,1
11725 ,0,1,1
11728 ,0,0,1
11732 ,1,0,1
11735 ,1,1,1
11739 ,0,1,1
11742 ,0,0,1
11746 ,1,0,1
11749 ,1,1,1
11753 ,0,1,1
11756 ,0,0,1
11760 ,1,0,1
11763 ,1,1,1
11767 ,0,1,1
11770 ,0,0,1
11774 ,1,0,1
11777 ,1,1,1
11781 ,0,1,1
11784 ,0,0,1
11788 ,1,0,1
11791 ,1,1,1
11795 ,0,1,1
11798 ,0,0,1
11802 ,1,0,1
11805 ,1,1,1
11809 ,0,1,1
11812 ,0,0,1
11816 ,1,0,1
11819 ,1,1,1
11823 ,0,1,1
11826 ,0,0,1
11830 ,1,0,1
11833 ,1,1,1
11837 ,0,1,1
11840 ,0,0,1
11844 ,1,0,1
11847 ,1,1,1
11851 ,0,1,1
11854 ,0,0,1
11858 ,1,0,1
11861 ,1,1,1
11865 ,0,1,1
11868 ,0,0,1
11872 ,1,0,1
11875 ,1,1,1
11879 ,0,1,1
11882 ,0,0,1
11886 ,1,0,1
11889 ,1,1,1
11893 ,0,1,1
11896 ,0,0,1
11900 ,1,0,1
11903 ,1,1,1
11907 ,0,1,1
11910 ,0,0,1
11914 ,1,0,1
11917 ,1,1,1
11921 ,0,1,1
11924 ,0,0,1
11928 ,1,0,1
11931 ,1,1,1
11935 ,0,1,1
11938 ,0,0,1
11942 ,1,0,1
11945 ,1,1,1
11949 ,0,1,1
11952 ,0,0,1
11956 ,1,0,1
11959 ,1,1,1
11963 ,0,1,1
11966 ,0,0,1
11970 ,1,0,1
11973 ,1,1,1
11977 ,0,1,1
11980 ,0,0,1
11984 ,1,0,1
11987 ,1,1,1
11991 ,0,1,1
11994 ,0,0,1
11998 ,1,0,1
12001 ,1,1,1
12005 ,0,1,1
12008 ,0,0,1
12012 ,1,0,1
12015 ,1,1,1
12019 ,0,1,1
12022 ,0,0,1
12026 ,1,0,1
12029 ,1,1,1
12033 ,0,1,1
12036 ,0,0,1
12040 ,1,0,1
12043 ,1,1,1
12047 ,0,1,1
12050 ,0,0,1
12054 ,1,0,1
12057 ,1,1,1
12061 ,0,1,1
12064 ,0,0,1
12068 ,1,0,1
12071 ,1,1,1
12075 ,0,1,1
12078 ,0,0,1
12082 ,1,0,1
12085 ,1,1,1
12089 ,0,1,1
12092 ,0,0,1
12096 ,1,0,1
12099 ,1,1,1
12103 ,0,1,1
12106 ,0,0,1
12110 ,1,0,1
12113 ,1,1,1
12117 ,0,1,1
12120 ,0,0,1
12124 ,1,0,1
12127 ,1,1,1
12131 ,0,1,1
12134 ,0,0,1
12138 ,1,0,1
12141 ,1,1,1
12145 ,0,1,1
12148 ,0,0,1
12152 ,1,0,1
12155 ,1,1,1
12159 ,0,1,1
12162 ,0,0,1
12166 ,1,0,1
12169 ,1,1,1
12173 ,0,1,1
12176 ,0,0,1
12180 ,1,0,1
12183 ,1,1,1
12187 ,0,1,1
12190 ,0,0,1
12194 ,1,0,1
12197 ,1,1,1
12201 ,0,1,1
12204 ,0,0,1
12208 ,1,0,1
12211 ,1,1,1
12215 ,0,1,1
12218 ,0,0,1
12222 ,1,0,1
12225 ,1,1,1
12229 ,0,1,1
12232 ,0,0,1
12236 ,1,0,1
12239 ,1,1,1
12243 ,0,1,1
12246 ,0,0,1
12250 ,1,0,1
12253 ,1,1,1
12257 ,0,1,1
12260 ,0,0,1
12264 ,1,0,1
12267 ,1,1,1
12271 ,0,1,1
12274 ,0,0,1
12278 ,1,0,1
12281 ,1,1,1
12285 ,0,1,1
12288 ,0,0,1
12292 ,1,0,1
12295 ,1,1,1
12299 ,0,1,1
12302 ,0,0,1
12306 ,1,0,1
12309 ,1,1,1
12313 ,0,1,1
12316 ,0,0,1
12320 ,1,0,1
12323 ,1,1,1
12327 ,0,1,1
12330 ,0,0,1
12334 ,1,0,1
12337 ,1,1,1
12341 ,0,1,1
12344 ,0,0,1
12348 ,1,0,1
12351 ,1,1,1
12355 ,0,1,1
12358 ,0,0,1
12362 ,1,0,1
12365 ,1,1,1
12369 ,0,1,1
12372 ,0,0,1
12376 ,1,0,1
12379 ,1,1,1
12383 ,0,1,1
12386 ,0,0,1
12390 ,1,0,1
12393 ,1,1,1
12397 ,0,1,1
12400 ,0,0,1
12404 ,1,0,1
12407 ,1,1,1
12411 ,0,1,1
12414 ,0,0,1
12418 ,1,0,1
12421 ,1,1,1
12425 ,0,1,1
12428 ,0,0,1
12432 ,1,0,1
12435 ,1,1,1
12439 ,0,1,1
12442 ,0,0,1
12446 ,1,0,1
12449 ,1,1,1
12453 ,0,1,1
12456 ,0,0,1
12460 ,1,0,1
12463 ,1,1,1
12467 ,0,1,1
12470 ,0,0,1
12474 ,1,0,1
12477 ,1,1,1
12481 ,0,1,1
12484 ,0,0,1
12488 ,1,0,1
12491 ,1,1,1
12495 ,0,1,1
12498 ,0,0,1
12502 ,1,0,1
12505 ,1,1,1
12509 ,0,1,1
12512 ,0,0,1
12516 ,1,0,1
12519 ,1,1,1
12523 ,0,1,1
12526 ,0,0,1
12530 ,1,0,1
12533 ,1,1,1
12537 ,0,1,1
12540 ,0,0,1
12544 ,1,0,1
12547 ,1,1,1
12551 ,0,1,1
12554 ,0,0,1
12558 ,1,0,1
12561 ,1,1,1
12565 ,0,1,1
12568 ,0,0,1
12572 ,1,0,1
12575 ,1,1,1
12579 ,0,1,1
12582 ,0,0,1
12586 ,1,0,1
12589 ,1,1,1
12593 ,0,1,1
12596 ,0,0,1
12600 ,1,0,1
12603 ,1,1,1
12607 ,0,1,1
12610 ,0,0,1
12614 ,1,0,1
12617 ,1,1,1
12621 ,0,1,1
12624 ,0,0,1
12628 ,1,0,1
12631 ,1,1,1
12635 ,0,1,1
12638 ,0,0,1
12642 ,1,0,1
12645 ,1,1,1
12649 ,0,1,1
12652 ,0,0,1
12656 ,1,0,1
12659 ,1,1,1
12663 ,0,1,1
12666 ,0,0,1
12670 ,1,0,1
12673 ,1,1,1
12677 ,0,1,1
12680 ,0,0,1
12684 ,1,0,1
12687 ,1,1,1
12691 ,0,1,1
12694 ,0,0,1
12698 ,1,0,1
12701 ,1,1,1
12705 ,0,1,1
12708 ,0,0,1
12712 ,1,0,1
12715 ,1,1,1
12719 ,0,1,1
12722 ,0,0,1
12726 ,1,0,1
12729 ,1,1,1
12733 ,0,1,1
12736 ,0,0,1
12740 ,1,0,1
12743 ,1,1,1
12747 ,0,1,1
12750 ,0,0,1
12754 ,1,0,1
12757 ,1,1,1
12761 ,0,1,1
12764 ,0,0,1
12768 ,1,0,1
12771 ,1,1,1
12775 ,0,1,1
12778 ,0,0,1
12782 ,1,0,1
12785 ,1,1,1
12789 ,0,1,1
12792 ,0,0,1
12796 ,1,0,1
12799 ,1,1,1
12803 ,0,1,1
12806 ,0,0,1
12810 ,1,0,1
12813 ,1,1,1
12817 ,0,1,1
12820 ,0,0,1
12824 ,1,0,1
12827 ,1,1,1
12831 ,0,1,1
12834 ,0,0,1
12838 ,1,0,1
12841 ,1,1,1
12845 ,0,1,1
12848 ,0,0,1
12852 ,1,0,1
12855 ,1,1,1
12859 ,0,1,1
12862 ,0,0,1
12866 ,1,0,1
12869 ,1,1,1
12873 ,0,1,1
12876 ,0,0,1
12880 ,1,0,1
12883 ,1,1,1
12887 ,0,1,1
12890 ,0,0,1
12894 ,1,0,1
12897 ,1,1,1
12901 ,0,1,1
12904 ,0,0,1
12908 ,1,0,1
12911 ,1,1,1
12915 ,0,1,1
12918 ,0,0,1
12922 ,1,0,1
12925 ,1,1,1
12929 ,0,1,1
12932 ,0,0,1
12936 ,1,0,1
12939 ,1,1,1
12943 ,0,1,1
12946 ,0,0,1
12950 ,1,0,1
12953 ,1,1,1
12957 ,0,1,1
12960 ,0,0,1
12964 ,1,0,1
12967 ,1,1,1
12971 ,0,1,1
12974 ,0,0,1
12978 ,1,0,1
12981 ,1,1,1
12985 ,0,1,1
12988 ,0,0,1
12992 ,1,0,1
12995 ,1,1,1
12999 ,0,1,1
13002 ,0,0,1
13006 ,1,0,1
13009 ,1,1,1
13013 ,0,1,1
13016 ,0,0,1
13020 ,1,0,1
13023 ,1,1,1
13027 ,0,1,1
13030 ,0,0,1
13034 ,1,0,1
13037 ,1,1,1
13041 ,0,1,1
13044 ,0,0,1
13048 ,1,0,1
13051 ,1,1,1
13055 ,0,1,1
13058 ,0,0,1
13062 ,1,0,1
13065 ,1,1,1
13069 ,0,1,1
13072 ,0,0,1
13076 ,1,0,1
13079 ,1,1,1
13083 ,0,1,1
13086 ,0,0,1
13090 ,1,0,1
13093 ,1,1,1
13097 ,0,1,1
13100 ,0,0,1
13104 ,1,0,1
13107 ,1,1,1
13111 ,0,1,1
13114 ,0,0,1
13118 ,1,0,1
13121 ,1,1,1
13125 ,0,1,1
13128 ,0,0,1
13132 ,1,0,1
13135 ,1,1,1
13139 ,0,1,1
13142 ,0,0,1
13146 ,1,0,1
13149 ,1,1,1
13153 ,0,1,1
13156 ,0,0,1
13160 ,1,0,1
13163 ,1,1,1
13167 ,0,1,1
13170 ,0,0,1
13174 ,1,0,1
13177 ,1,1,1
13181 ,0,1,1
13184 ,0,0,1
13188 ,1,0,1
13191 ,1,1,1
13195 ,0,1,1
13198 ,0,0,1
13202 ,1,0,1
13205 ,1,1,1
13209 ,0,1,1
13212 ,0,0,1
13216 ,1,0,1
13219 ,1,1,1
13223 ,0,1,1
13226 ,0,0,1
13230 ,1,0,1
13233 ,1,1,1
13237 ,0,1,1
13240 ,0,0,1
13244 ,1,0,1
13247 ,1,1,1
13251 ,0,1,1
13254 ,0,0,1
13258 ,1,0,1
13261 ,1,1,1
13265 ,0,1,1
13268 ,0,0,1
13272 ,1,0,1
13275 ,1,1,1
13279 ,0,1,1
13282 ,0,0,1
13286 ,1,0,1
13289 ,1,1,1
13293 ,0,1,1
13296 ,0,0,1
13300 ,1,0,1
13303 ,1,1,1
13307 ,0,1,1
13310 ,0,0,1
13314 ,1,0,1
13317 ,1,1,1
13321 ,0,1,1
13324 ,0,0,1
13328 ,1,0,1
13331 ,1,1,1
13335 ,0,1,1
13338 ,0,0,1
13342 ,1,0,1
13345 ,1,1,1
13349 ,0,1,1
13352 ,0,0,1
13356 ,1,0,1
13359 ,1,1,1
13363 ,0,1,1
13366 ,0,0,1
13370 ,1,0,1
13373 ,1,1,1
13377 ,0,1,1
13380 ,0,0,1
13384 ,1,0,1
13387 ,1,1,1
13391 ,0,1,1
13394 ,0,0,1
13398 ,1,0,1
13401 ,1,1,1
13405 ,0,1,1
13408 ,0,0,1
13412 ,1,0,1
13415 ,1,1,1
13419 ,0,1,1
13422 ,0,0,1
13426 ,1,0,1
13429 ,1,1,1
13433 ,0,1,1
13436 ,0,0,1
13440 ,1,0,1
13443 ,1,1,1
13447 ,0,1,1
13450 ,0,0,1
13454 ,1,0,1
13457 ,1,1,1
13461 ,0,1,1
13464 ,0,0,1
13468 ,1,0,1
13471 ,1,1,1
13475 ,0,1,1
13478 ,0,0,1
13482 ,1,0,1
13485 ,1,1,1
13489 ,0,1,1
13492 ,0,0,1
13496 ,1,0,1
13499 ,1,1,1
13503 ,0,1,1
13506 ,0,0,1
13510 ,1,0,1
13513 ,1,1,1
13517 ,0,1,1
13520 ,0,0,1
13524 ,1,0,1
13527 ,1,1,1
13531 ,0,1,1
13534 ,0,0,1
13538 ,1,0,1
13541 ,1,1,1
13545 ,0,1,1
13548 ,0,0,1
13552 ,1,0,1
13555 ,1,1,1
13559 ,0,1,1
13562 ,0,0,1
13566 ,1,0,1
13569 ,1,1,1
13573 ,0,1,1
13576 ,0,0,1
13580 ,1,0,1
13583 ,1,1,1
13587 ,0,1,1
13590 ,0,0,1
13594 ,1,0,1
13597 ,1,1,1
13601 ,0,1,1
13604 ,0,0,1
13608 ,1,0,1
13611 ,1,1,1
13615 ,0,1,1
13618 ,0,0,1
13622 ,1,0,1
13625 ,1,1,1
13629 ,0,1,1
13632 ,0,0,1
13636 ,1,0,1
13639 ,1,1,1
13643 ,0,1,1
13646 ,0,0,1
13650 ,1,0,1
13653 ,1,1,1
13657 ,0,1,1
13660 ,0,0,1
13664 ,1,0,1
13667 ,1,1,1
13671 ,0,1,1
13674 ,0,0,1
13678 ,1,0,1
13681 ,1,1,1
13685 ,0,1,1
13688 ,0,0,1
13692 ,1,0,1
13695 ,1,1,1
13699 ,0,1,1
13702 ,0,0,1
13706 ,1,0,1
13709 ,1,1,1
13713 ,0,1,1
13716 ,0,0,1
13720 ,1,0,1
13723 ,1,1,1
13727 ,0,1,1
13730 ,0,0,1
13734 ,1,0,1
13737 ,1,1,1
13741 ,0,1,1
13744 ,0,0,1
13748 ,1,0,1
13751 ,1,1,1
13755 ,0,1,1
13758 ,0,0,1
13762 ,1,0,1
13765 ,1,1,1
13769 ,0,1,1
13772 ,0,0,1
13776 ,1,0,1
13779 ,1,1,1
13783 ,0,1,1
13786 ,0,0,1
13790 ,1,0,1
13793 ,1,1,1
13797 ,0,1,1
13800 ,0,0,1
13804 ,1,0,1
13807 ,1,1,1
13811 ,0,1,1
13814 ,0,0,1
13818 ,1,0,1
13821 ,1,1,1
13825 ,0,1,1
13828 ,0,0,1
13832 ,1,0,1
13835 ,1,1,1
13839 ,0,1,1
13842 ,0,0,1
13846 ,1,0,1
13849 ,1,1,1
13853 ,0,1,1
13856 ,0,0,1
13860 ,1,0,1
13863 ,1,1,1
13867 ,0,1,1
13870 ,0,0,1
13874 ,1,0,1
13877 ,1,1,1
13881 ,0,1,1
13884 ,0,0,1
13888 ,1,0,1
13891 ,1,1,1
13895 ,0,1,1
13898 ,0,0,1
13902 ,1,0,1
13905 ,1,1,1
13909 ,0,1,1
13912 ,0,0,1
13916 ,1,0,1
13919 ,1,1,1
13923 ,0,1,1
13926 ,0,0,1
13930 ,1,0,1
13933 ,1,1,1
13937 ,0,1,1
13940 ,0,0,1
13944 ,1,0,1
13947 ,1,1,1
13951 ,0,1,1
13954 ,0,0,1
13958 ,1,0,1
13961 ,1,1,1
13965 ,0,1,1
13968 ,0,0,1
13972 ,1,0,1
13975 ,1,1,1
13979 ,0,1,1
13982 ,0,0,1
13986 ,1,0,1
13989 ,1,1,1
13993 ,0,1,1
13996 ,0,0,1
